-1.255609817504882812e+02,1.212631378173828125e+02,1.299206542968750000e+02,-9.084487152099609375e+01,-1.093802108764648438e+02,-1.290604095458984375e+02,-1.454991302490234375e+02,5.963967895507812500e+01,-1.453295745849609375e+02,8.577120971679687500e+01,7.682466888427734375e+01,8.379500579833984375e+01,3.164097976684570312e+01,2.879505729675292969e+01,1.208428573608398438e+02,1.572075347900390625e+02,-9.051457214355468750e+01,1.321172180175781250e+02,-1.292121028900146484e+01,2.306995391845703125e+01,2.161921501159667969e+01,-6.950085449218750000e+01,-1.242287139892578125e+02,5.134413146972656250e+01,-5.756756973266601562e+01,-1.362730216979980469e+01,3.904781723022460938e+01,9.755521392822265625e+01,-1.324370880126953125e+02,-7.522293090820312500e+01,1.684076538085937500e+02,1.527620086669921875e+02,2.074335670471191406e+01,-1.446822814941406250e+02,-1.374887847900390625e+02,-4.383599853515625000e+01,-2.784513092041015625e+01,-6.669451904296875000e+01,-3.195102119445800781e+01,1.003293380737304688e+02,4.070574343204498291e-01,-1.549890136718750000e+02
-1.332207641601562500e+02,1.181872100830078125e+02,1.170483474731445312e+02,-1.068983230590820312e+02,-1.202568435668945312e+02,-1.367813415527343750e+02,-1.551175231933593750e+02,4.927940750122070312e+01,-1.527660064697265625e+02,7.666390228271484375e+01,6.861305236816406250e+01,7.161981201171875000e+01,1.450302124023437500e+01,1.503352546691894531e+01,1.095077438354492188e+02,1.473170623779296875e+02,-9.154973602294921875e+01,1.268785247802734375e+02,-1.875106048583984375e+01,1.704472160339355469e+01,1.341566276550292969e+01,-8.170989990234375000e+01,-1.280509948730468750e+02,4.882602310180664062e+01,-6.009292984008789062e+01,-1.899254035949707031e+01,4.147513198852539062e+01,9.393856811523437500e+01,-1.482415771484375000e+02,-9.467631530761718750e+01,1.732833862304687500e+02,1.523601989746093750e+02,8.968027114868164062e+00,-1.522506408691406250e+02,-1.481816101074218750e+02,-4.557028961181640625e+01,-3.223282241821289062e+01,-7.503187561035156250e+01,-3.899169921875000000e+01,8.929417419433593750e+01,-1.240348935127258301e+00,-1.614342803955078125e+02
-1.027734069824218750e+02,1.111809539794921875e+02,1.299189147949218750e+02,-1.168615188598632812e+02,-9.452423858642578125e+01,-1.153329391479492188e+02,-1.345790100097656250e+02,1.347661437988281250e+02,-1.295850067138671875e+02,5.314916229248046875e+01,4.678171539306640625e+01,6.372840118408203125e+01,9.787569427490234375e+01,9.461683654785156250e+01,1.095536727905273438e+02,1.314766235351562500e+02,-6.470697021484375000e+01,1.106954193115234375e+02,6.146956634521484375e+01,1.011256027221679688e+02,9.554631042480468750e+01,-6.078273010253906250e+01,-9.564595031738281250e+01,3.937515640258789062e+01,2.565400314331054688e+01,6.130901718139648438e+01,2.582794952392578125e+01,6.642694091796875000e+01,-1.237911529541015625e+02,-5.704535675048828125e+01,1.372908782958984375e+02,1.233702926635742188e+02,9.742443084716796875e+01,-1.198669052124023438e+02,-1.127813110351562500e+02,3.718453216552734375e+01,5.373318099975585938e+01,-2.924798488616943359e+00,5.802727127075195312e+01,7.048110198974609375e+01,7.416699981689453125e+01,-1.258233337402343750e+02
-1.333012695312500000e+02,1.168143844604492188e+02,1.163420410156250000e+02,-1.046988449096679688e+02,-1.195674896240234375e+02,-1.361767730712890625e+02,-1.548469848632812500e+02,4.693498992919921875e+01,-1.519509429931640625e+02,7.609692382812500000e+01,6.912879180908203125e+01,7.247267913818359375e+01,1.262339019775390625e+01,1.320239067077636719e+01,1.118039321899414062e+02,1.494240722656250000e+02,-9.429428863525390625e+01,1.326763000488281250e+02,-2.278726387023925781e+01,1.550510406494140625e+01,1.111681747436523438e+01,-8.385484313964843750e+01,-1.298919982910156250e+02,4.849391937255859375e+01,-6.391414260864257812e+01,-2.153510093688964844e+01,4.116133880615234375e+01,9.712301635742187500e+01,-1.495987548828125000e+02,-9.940512847900390625e+01,1.776264343261718750e+02,1.566084289550781250e+02,6.112317562103271484e+00,-1.529473876953125000e+02,-1.495175018310546875e+02,-4.996077728271484375e+01,-3.690040969848632812e+01,-7.853577423095703125e+01,-4.063417434692382812e+01,8.995102691650390625e+01,-3.474503755569458008e+00,-1.648072052001953125e+02
-1.330823211669921875e+02,1.207062911987304688e+02,1.227747421264648438e+02,-1.069353408813476562e+02,-1.199759597778320312e+02,-1.355521545410156250e+02,-1.540644836425781250e+02,5.904093170166015625e+01,-1.503660430908203125e+02,7.936131286621093750e+01,7.012034606933593750e+01,7.509631347656250000e+01,2.568873977661132812e+01,2.440740776062011719e+01,1.127807998657226562e+02,1.527308654785156250e+02,-1.013162078857421875e+02,1.224797821044921875e+02,-7.944551467895507812e+00,2.811049270629882812e+01,2.671209526062011719e+01,-8.649774932861328125e+01,-1.313457031250000000e+02,4.752640151977539062e+01,-4.772706222534179688e+01,-8.921709060668945312e+00,4.532653427124023438e+01,9.081875610351562500e+01,-1.463759613037109375e+02,-9.224031066894531250e+01,1.718654327392578125e+02,1.480674285888671875e+02,2.404045867919921875e+01,-1.564838714599609375e+02,-1.501893615722656250e+02,-3.024135398864746094e+01,-1.990763854980468750e+01,-5.748748016357421875e+01,-2.718882560729980469e+01,9.024106597900390625e+01,3.057351827621459961e+00,-1.592490539550781250e+02
-1.336062316894531250e+02,1.190755310058593750e+02,1.186117019653320312e+02,-1.124762649536132812e+02,-1.215600433349609375e+02,-1.358722839355468750e+02,-1.566018676757812500e+02,6.046813964843750000e+01,-1.501326446533203125e+02,7.352925872802734375e+01,6.372089385986328125e+01,6.869175720214843750e+01,2.284909057617187500e+01,2.208155822753906250e+01,1.094271545410156250e+02,1.470700988769531250e+02,-9.153978729248046875e+01,1.221156616210937500e+02,-1.525971889495849609e+01,2.033597373962402344e+01,1.675630760192871094e+01,-7.368967437744140625e+01,-1.225467376708984375e+02,4.705317687988281250e+01,-5.895825958251953125e+01,-1.794559860229492188e+01,3.745948028564453125e+01,9.126911926269531250e+01,-1.477769012451171875e+02,-8.999574279785156250e+01,1.710729370117187500e+02,1.501140289306640625e+02,1.629952239990234375e+01,-1.541257171630859375e+02,-1.487645416259765625e+02,-3.810649871826171875e+01,-2.742676734924316406e+01,-6.834391021728515625e+01,-3.564159774780273438e+01,8.836000061035156250e+01,4.006825447082519531e+00,-1.615007171630859375e+02
-1.244720840454101562e+02,1.137641067504882812e+02,1.134301452636718750e+02,-9.192726898193359375e+01,-1.082318115234375000e+02,-1.265843734741210938e+02,-1.433804779052734375e+02,4.673743820190429688e+01,-1.401096954345703125e+02,7.624793243408203125e+01,6.880554199218750000e+01,7.276902008056640625e+01,1.560469150543212891e+01,1.390609359741210938e+01,1.099658126831054688e+02,1.482014007568359375e+02,-9.187798309326171875e+01,1.240874786376953125e+02,-1.964952659606933594e+01,1.604623603820800781e+01,1.210797405242919922e+01,-7.607368469238281250e+01,-1.242895355224609375e+02,4.609503173828125000e+01,-6.056340408325195312e+01,-1.997674369812011719e+01,4.244528579711914062e+01,9.518836975097656250e+01,-1.356984405517578125e+02,-8.581977081298828125e+01,1.701200866699218750e+02,1.509736633300781250e+02,5.556004047393798828e+00,-1.410763092041015625e+02,-1.376479949951171875e+02,-5.207554626464843750e+01,-3.364284896850585938e+01,-7.562734985351562500e+01,-3.724205398559570312e+01,9.098720550537109375e+01,-8.085086822509765625e+00,-1.513357696533203125e+02
-1.346722412109375000e+02,1.171338043212890625e+02,1.194152908325195312e+02,-1.172998352050781250e+02,-1.275130233764648438e+02,-1.401475067138671875e+02,-1.586188201904296875e+02,4.899488449096679688e+01,-1.575810546875000000e+02,7.489307403564453125e+01,6.615469360351562500e+01,7.038644409179687500e+01,1.229585838317871094e+01,1.527521133422851562e+01,1.090740203857421875e+02,1.430839080810546875e+02,-8.623358154296875000e+01,1.304508819580078125e+02,-2.092275810241699219e+01,1.554836559295654297e+01,1.297372436523437500e+01,-8.804109191894531250e+01,-1.312056427001953125e+02,4.793048858642578125e+01,-5.674787139892578125e+01,-1.883713531494140625e+01,3.938893508911132812e+01,9.504490661621093750e+01,-1.523687896728515625e+02,-9.663940429687500000e+01,1.737713470458984375e+02,1.523400268554687500e+02,1.185632133483886719e+01,-1.593750457763671875e+02,-1.533491516113281250e+02,-4.489831542968750000e+01,-3.269984054565429688e+01,-7.448504638671875000e+01,-3.757404327392578125e+01,8.628274536132812500e+01,-5.260679125785827637e-02,-1.671118316650390625e+02
-1.204162597656250000e+02,1.117490386962890625e+02,1.112056274414062500e+02,-9.626728057861328125e+01,-1.070220260620117188e+02,-1.209658279418945312e+02,-1.422315673828125000e+02,6.403203582763671875e+01,-1.385013580322265625e+02,7.276609039306640625e+01,6.057266998291015625e+01,6.779663848876953125e+01,3.001836395263671875e+01,3.074144554138183594e+01,1.031324691772460938e+02,1.384272613525390625e+02,-8.777526092529296875e+01,1.137487716674804688e+02,-2.233875989913940430e+00,2.922217369079589844e+01,2.845425796508789062e+01,-7.854264831542968750e+01,-1.211624832153320312e+02,4.387109375000000000e+01,-4.341585540771484375e+01,-4.635521888732910156e+00,3.380381393432617188e+01,8.159342956542968750e+01,-1.308558349609375000e+02,-8.092193603515625000e+01,1.586135406494140625e+02,1.383995819091796875e+02,2.394420814514160156e+01,-1.400130157470703125e+02,-1.347907714843750000e+02,-3.101611900329589844e+01,-1.814064407348632812e+01,-5.078916931152343750e+01,-2.116620826721191406e+01,8.459803771972656250e+01,2.013184309005737305e+00,-1.492017822265625000e+02
-1.289035949707031250e+02,1.173005676269531250e+02,1.218604202270507812e+02,-9.856694793701171875e+01,-1.164445571899414062e+02,-1.319977722167968750e+02,-1.489824829101562500e+02,4.836562347412109375e+01,-1.471439056396484375e+02,8.002794647216796875e+01,7.358079528808593750e+01,7.828749084472656250e+01,1.945365524291992188e+01,1.845602416992187500e+01,1.179147567749023438e+02,1.558054351806640625e+02,-9.365544128417968750e+01,1.375683746337890625e+02,-2.158633041381835938e+01,1.737593078613281250e+01,1.418854141235351562e+01,-8.474453735351562500e+01,-1.344930114746093750e+02,5.287157440185546875e+01,-6.266156387329101562e+01,-2.018048286437988281e+01,4.196781539916992188e+01,1.023677825927734375e+02,-1.442255096435546875e+02,-8.825821685791015625e+01,1.785856933593750000e+02,1.581324157714843750e+02,6.719316005706787109e+00,-1.477954864501953125e+02,-1.442747039794921875e+02,-4.411546707153320312e+01,-3.391984176635742188e+01,-7.760462951660156250e+01,-4.037492752075195312e+01,9.690824127197265625e+01,1.973457217216491699e+00,-1.588170166015625000e+02
-1.329825286865234375e+02,1.175730438232421875e+02,1.164174270629882812e+02,-1.110016098022460938e+02,-1.194185867309570312e+02,-1.355792236328125000e+02,-1.547773742675781250e+02,6.098963165283203125e+01,-1.483685455322265625e+02,7.291325378417968750e+01,6.302914047241210938e+01,6.776014709472656250e+01,2.346530723571777344e+01,2.149732398986816406e+01,1.078222579956054688e+02,1.465207672119140625e+02,-9.301164245605468750e+01,1.192165145874023438e+02,-1.259544754028320312e+01,2.353600502014160156e+01,2.066215896606445312e+01,-7.923734283447265625e+01,-1.279866638183593750e+02,4.408781433105468750e+01,-5.355202102661132812e+01,-1.468116664886474609e+01,3.440464401245117188e+01,8.906108856201171875e+01,-1.466682586669921875e+02,-8.750112152099609375e+01,1.700270843505859375e+02,1.467266235351562500e+02,1.753962516784667969e+01,-1.567230072021484375e+02,-1.503560028076171875e+02,-3.924079895019531250e+01,-2.472714614868164062e+01,-6.364766693115234375e+01,-3.027713394165039062e+01,8.628916931152343750e+01,1.884150624275207520e+00,-1.604097747802734375e+02
-1.278897323608398438e+02,1.151710128784179688e+02,1.135728759765625000e+02,-9.403471374511718750e+01,-1.109941024780273438e+02,-1.295492706298828125e+02,-1.470588226318359375e+02,4.706716156005859375e+01,-1.444277191162109375e+02,7.728530120849609375e+01,6.935087585449218750e+01,7.330133819580078125e+01,1.433190345764160156e+01,1.356373405456542969e+01,1.123860244750976562e+02,1.491257781982421875e+02,-9.139041900634765625e+01,1.323848419189453125e+02,-2.380095672607421875e+01,1.517412948608398438e+01,1.147599792480468750e+01,-7.629329681396484375e+01,-1.210404357910156250e+02,4.989127349853515625e+01,-6.147781753540039062e+01,-1.908163261413574219e+01,4.504958724975585938e+01,9.584140014648437500e+01,-1.398912353515625000e+02,-8.678543853759765625e+01,1.716798400878906250e+02,1.522799072265625000e+02,7.772108554840087891e+00,-1.449479217529296875e+02,-1.400399475097656250e+02,-4.758401107788085938e+01,-3.386077880859375000e+01,-7.840596008300781250e+01,-4.185931777954101562e+01,9.096891021728515625e+01,-3.239464521408081055e+00,-1.545769958496093750e+02
-1.352014312744140625e+02,1.184440765380859375e+02,1.155138854980468750e+02,-1.081413345336914062e+02,-1.199758987426757812e+02,-1.380308227539062500e+02,-1.580818634033203125e+02,5.176107788085937500e+01,-1.523623199462890625e+02,7.427444458007812500e+01,6.549475097656250000e+01,6.819255828857421875e+01,1.471290969848632812e+01,1.419566059112548828e+01,1.108034667968750000e+02,1.493919219970703125e+02,-9.241423797607421875e+01,1.271588134765625000e+02,-1.880598068237304688e+01,1.873794937133789062e+01,1.484534740447998047e+01,-8.519998168945312500e+01,-1.314904174804687500e+02,4.761853027343750000e+01,-5.718667221069335938e+01,-1.701142883300781250e+01,4.299537277221679688e+01,9.386796569824218750e+01,-1.507910003662109375e+02,-9.058016204833984375e+01,1.701070556640625000e+02,1.484132385253906250e+02,1.648244667053222656e+01,-1.587967834472656250e+02,-1.530743560791015625e+02,-4.106893539428710938e+01,-3.014493179321289062e+01,-7.275376892089843750e+01,-3.925710296630859375e+01,8.577727508544921875e+01,4.233541011810302734e+00,-1.628711395263671875e+02
-1.311340026855468750e+02,1.183200531005859375e+02,1.161756744384765625e+02,-9.470420837402343750e+01,-1.116377944946289062e+02,-1.337237701416015625e+02,-1.513154754638671875e+02,4.077553176879882812e+01,-1.482407226562500000e+02,7.779337310791015625e+01,7.132109069824218750e+01,7.513641357421875000e+01,6.989792346954345703e+00,6.076992511749267578e+00,1.162370758056640625e+02,1.476626739501953125e+02,-9.401691436767578125e+01,1.358231506347656250e+02,-2.811601066589355469e+01,1.016082000732421875e+01,5.122769832611083984e+00,-7.387926483154296875e+01,-1.222821655273437500e+02,5.057056808471679688e+01,-7.094813537597656250e+01,-2.408519172668457031e+01,4.393156051635742188e+01,1.002260055541992188e+02,-1.425606384277343750e+02,-8.844338989257812500e+01,1.771450347900390625e+02,1.572234802246093750e+02,3.009752511978149414e+00,-1.506030883789062500e+02,-1.451691741943359375e+02,-5.252138900756835938e+01,-4.022316360473632812e+01,-8.831903839111328125e+01,-4.796128463745117188e+01,9.484104156494140625e+01,-5.411239147186279297e+00,-1.559643402099609375e+02
-1.324359283447265625e+02,1.193082046508789062e+02,1.186929931640625000e+02,-1.020671005249023438e+02,-1.173641738891601562e+02,-1.338750305175781250e+02,-1.525573730468750000e+02,5.542420196533203125e+01,-1.505450286865234375e+02,7.974575042724609375e+01,7.021204376220703125e+01,7.499210357666015625e+01,2.101904678344726562e+01,2.087784385681152344e+01,1.126835556030273438e+02,1.503034973144531250e+02,-9.683156585693359375e+01,1.227543334960937500e+02,-1.299839878082275391e+01,2.241991806030273438e+01,1.872718048095703125e+01,-7.639014434814453125e+01,-1.245956268310546875e+02,4.627527999877929688e+01,-5.543744659423828125e+01,-1.051010131835937500e+01,3.890938949584960938e+01,9.050491333007812500e+01,-1.450737152099609375e+02,-9.452398681640625000e+01,1.713710632324218750e+02,1.517658233642578125e+02,1.856960868835449219e+01,-1.511752777099609375e+02,-1.445988159179687500e+02,-4.059077453613281250e+01,-2.763790130615234375e+01,-6.746013641357421875e+01,-3.304570388793945312e+01,9.187488555908203125e+01,-3.741121053695678711e+00,-1.618860473632812500e+02
-1.308927459716796875e+02,1.148834915161132812e+02,1.113836441040039062e+02,-1.031569137573242188e+02,-1.151920089721679688e+02,-1.336592559814453125e+02,-1.526197967529296875e+02,4.788185119628906250e+01,-1.481403503417968750e+02,7.350791931152343750e+01,6.421536254882812500e+01,6.656056213378906250e+01,1.189763450622558594e+01,1.173080253601074219e+01,1.085146179199218750e+02,1.449093017578125000e+02,-9.243208312988281250e+01,1.250300674438476562e+02,-2.026175117492675781e+01,1.524841403961181641e+01,1.048307037353515625e+01,-7.890407562255859375e+01,-1.233811721801757812e+02,4.785198211669921875e+01,-6.473268890380859375e+01,-1.868437194824218750e+01,4.264830398559570312e+01,9.088320159912109375e+01,-1.479239807128906250e+02,-9.114951324462890625e+01,1.683310089111328125e+02,1.459772033691406250e+02,1.331110000610351562e+01,-1.565184173583984375e+02,-1.495228271484375000e+02,-4.129216003417968750e+01,-3.403253555297851562e+01,-7.894607543945312500e+01,-4.541337966918945312e+01,8.499919128417968750e+01,6.692129611968994141e+00,-1.587265472412109375e+02
-1.352552185058593750e+02,1.239310379028320312e+02,1.288412322998046875e+02,-1.099871520996093750e+02,-1.221237945556640625e+02,-1.387554779052734375e+02,-1.558864746093750000e+02,6.516351318359375000e+01,-1.536127166748046875e+02,8.274072265625000000e+01,7.345716094970703125e+01,7.887068176269531250e+01,3.189839935302734375e+01,2.946736907958984375e+01,1.146177444458007812e+02,1.563334655761718750e+02,-1.059038467407226562e+02,1.248392944335937500e+02,-5.914442539215087891e+00,3.004764747619628906e+01,2.765574264526367188e+01,-9.294221496582031250e+01,-1.369225616455078125e+02,4.935687255859375000e+01,-4.624427413940429688e+01,-7.861069679260253906e+00,5.063356399536132812e+01,9.162062835693359375e+01,-1.487878723144531250e+02,-9.844686126708984375e+01,1.725310363769531250e+02,1.506640777587890625e+02,2.408364295959472656e+01,-1.562745208740234375e+02,-1.500310668945312500e+02,-3.489340972900390625e+01,-1.882021522521972656e+01,-5.369868469238281250e+01,-2.309557342529296875e+01,9.329102325439453125e+01,-3.497581243515014648e+00,-1.656389617919921875e+02
-1.294128112792968750e+02,1.181385574340820312e+02,1.220410766601562500e+02,-9.812847137451171875e+01,-1.144187469482421875e+02,-1.328899536132812500e+02,-1.486144714355468750e+02,4.855539321899414062e+01,-1.455741729736328125e+02,7.936161041259765625e+01,7.344062805175781250e+01,7.774621582031250000e+01,1.858857536315917969e+01,1.601839828491210938e+01,1.170210876464843750e+02,1.554397735595703125e+02,-9.547972106933593750e+01,1.308808441162109375e+02,-1.793668937683105469e+01,1.730280876159667969e+01,1.337427520751953125e+01,-7.436782836914062500e+01,-1.264111022949218750e+02,5.178387451171875000e+01,-6.519393157958984375e+01,-1.869558715820312500e+01,4.212728881835937500e+01,9.864062500000000000e+01,-1.436843566894531250e+02,-8.580286407470703125e+01,1.760219879150390625e+02,1.551655273437500000e+02,7.669179439544677734e+00,-1.491027069091796875e+02,-1.450960235595703125e+02,-4.620173263549804688e+01,-3.352706909179687500e+01,-7.749785614013671875e+01,-4.099720764160156250e+01,9.466786193847656250e+01,2.251950800418853760e-01,-1.563449859619140625e+02
-1.269503326416015625e+02,1.156797866821289062e+02,1.106689224243164062e+02,-9.885363769531250000e+01,-1.134311523437500000e+02,-1.288200378417968750e+02,-1.504361724853515625e+02,5.252052688598632812e+01,-1.451487121582031250e+02,7.381326293945312500e+01,6.327777862548828125e+01,6.863830566406250000e+01,1.868338203430175781e+01,1.981209182739257812e+01,1.099240341186523438e+02,1.400887145996093750e+02,-8.193295288085937500e+01,1.323810119628906250e+02,-2.708386421203613281e+01,1.631611824035644531e+01,1.369588470458984375e+01,-6.944236755371093750e+01,-1.172106704711914062e+02,5.019179916381835938e+01,-6.260008239746093750e+01,-2.570135498046875000e+01,3.466156768798828125e+01,9.664244079589843750e+01,-1.399839782714843750e+02,-8.431925964355468750e+01,1.736583709716796875e+02,1.513036651611328125e+02,1.189323520660400391e+01,-1.522012176513671875e+02,-1.446062469482421875e+02,-5.764930343627929688e+01,-3.679961395263671875e+01,-8.186424255371093750e+01,-4.116064453125000000e+01,8.597888183593750000e+01,-9.901124000549316406e+00,-1.590791473388671875e+02
-1.349173126220703125e+02,1.187562255859375000e+02,1.184738998413085938e+02,-1.056651535034179688e+02,-1.177595062255859375e+02,-1.380620880126953125e+02,-1.565020599365234375e+02,4.869049453735351562e+01,-1.499658203125000000e+02,7.520828247070312500e+01,6.829726409912109375e+01,7.077619934082031250e+01,1.320769596099853516e+01,1.073534393310546875e+01,1.117006301879882812e+02,1.494461059570312500e+02,-9.447205352783203125e+01,1.252750167846679688e+02,-1.915831375122070312e+01,1.580487537384033203e+01,1.006850337982177734e+01,-7.722790527343750000e+01,-1.239719390869140625e+02,4.748161315917968750e+01,-6.165198516845703125e+01,-1.459031391143798828e+01,4.566106414794921875e+01,9.268135070800781250e+01,-1.497633972167968750e+02,-8.635125732421875000e+01,1.662185668945312500e+02,1.438075866699218750e+02,1.529126167297363281e+01,-1.577244110107421875e+02,-1.531675567626953125e+02,-3.320449066162109375e+01,-2.874930953979492188e+01,-7.251729583740234375e+01,-4.460129928588867188e+01,8.729129028320312500e+01,1.182573318481445312e+01,-1.559394836425781250e+02
-1.397359313964843750e+02,1.237733917236328125e+02,1.198769989013671875e+02,-1.064910202026367188e+02,-1.204817123413085938e+02,-1.422477722167968750e+02,-1.614244995117187500e+02,5.213871002197265625e+01,-1.562997589111328125e+02,7.971852111816406250e+01,7.074780273437500000e+01,7.353520202636718750e+01,1.426259899139404297e+01,1.266447448730468750e+01,1.156379165649414062e+02,1.522555999755859375e+02,-9.273462677001953125e+01,1.339792327880859375e+02,-2.211773300170898438e+01,1.787517738342285156e+01,1.370989227294921875e+01,-7.931616973876953125e+01,-1.299598083496093750e+02,5.071052932739257812e+01,-6.429683685302734375e+01,-2.004643440246582031e+01,3.899640274047851562e+01,9.875698852539062500e+01,-1.504822845458984375e+02,-8.690023803710937500e+01,1.773604125976562500e+02,1.542397766113281250e+02,1.377279949188232422e+01,-1.616239776611328125e+02,-1.543379669189453125e+02,-4.913148498535156250e+01,-3.166608810424804688e+01,-7.748095703125000000e+01,-4.091073989868164062e+01,9.328738403320312500e+01,-8.347765207290649414e-01,-1.640282135009765625e+02
-1.414891662597656250e+02,1.244462738037109375e+02,1.239264450073242188e+02,-1.140477218627929688e+02,-1.269253387451171875e+02,-1.439481811523437500e+02,-1.634720458984375000e+02,5.600653076171875000e+01,-1.598369598388671875e+02,7.974372100830078125e+01,7.111557006835937500e+01,7.499372863769531250e+01,1.779006385803222656e+01,1.754809761047363281e+01,1.147604141235351562e+02,1.546884460449218750e+02,-9.617857360839843750e+01,1.328614501953125000e+02,-1.535442066192626953e+01,2.195365905761718750e+01,2.098664665222167969e+01,-9.058563995361328125e+01,-1.378822784423828125e+02,5.035395050048828125e+01,-5.335914611816406250e+01,-1.506509113311767578e+01,4.399245071411132812e+01,9.736916351318359375e+01,-1.552713317871093750e+02,-9.922692108154296875e+01,1.812888031005859375e+02,1.572571411132812500e+02,1.888056373596191406e+01,-1.633167572021484375e+02,-1.561517791748046875e+02,-5.208334350585937500e+01,-2.803673934936523438e+01,-7.258154296875000000e+01,-3.513269424438476562e+01,9.294793701171875000e+01,-1.031250095367431641e+01,-1.701308135986328125e+02
-1.187252807617187500e+02,1.084075469970703125e+02,1.024132843017578125e+02,-8.754021453857421875e+01,-1.022680358886718750e+02,-1.188183670043945312e+02,-1.385077056884765625e+02,5.145888519287109375e+01,-1.348796539306640625e+02,7.167135620117187500e+01,6.016788101196289062e+01,6.506304168701171875e+01,1.824256134033203125e+01,1.896859359741210938e+01,1.021270523071289062e+02,1.342793121337890625e+02,-7.827003479003906250e+01,1.194251403808593750e+02,-1.884314727783203125e+01,1.659542083740234375e+01,1.637810325622558594e+01,-6.936933135986328125e+01,-1.130502777099609375e+02,4.772048187255859375e+01,-6.038477706909179688e+01,-1.872277641296386719e+01,3.521469116210937500e+01,8.799681854248046875e+01,-1.317230529785156250e+02,-8.066918945312500000e+01,1.599061889648437500e+02,1.394699554443359375e+02,9.998121261596679688e+00,-1.411276550292968750e+02,-1.346312713623046875e+02,-4.906622314453125000e+01,-3.271523666381835938e+01,-7.670640563964843750e+01,-3.989219284057617188e+01,8.173907470703125000e+01,-7.173625469207763672e+00,-1.466710510253906250e+02
-1.220841827392578125e+02,1.107204360961914062e+02,1.136060256958007812e+02,-9.420903778076171875e+01,-1.094000701904296875e+02,-1.235670928955078125e+02,-1.406823120117187500e+02,5.245404815673828125e+01,-1.384975433349609375e+02,7.517944335937500000e+01,6.681155395507812500e+01,7.225523376464843750e+01,2.222169685363769531e+01,2.133492088317871094e+01,1.061978759765625000e+02,1.415010986328125000e+02,-8.263120269775390625e+01,1.239468536376953125e+02,-1.813553237915039062e+01,1.700385665893554688e+01,1.784867095947265625e+01,-7.932657623291015625e+01,-1.235425872802734375e+02,4.875620651245117188e+01,-6.005588912963867188e+01,-2.033927154541015625e+01,3.978597259521484375e+01,9.354066467285156250e+01,-1.354273376464843750e+02,-8.427767944335937500e+01,1.654932708740234375e+02,1.466816558837890625e+02,1.134620761871337891e+01,-1.445377349853515625e+02,-1.373223419189453125e+02,-5.350634384155273438e+01,-3.604911422729492188e+01,-7.828588867187500000e+01,-4.169752502441406250e+01,8.492159271240234375e+01,-8.378163337707519531e+00,-1.542815399169921875e+02
-1.383869628906250000e+02,1.221441955566406250e+02,1.202417526245117188e+02,-1.128580093383789062e+02,-1.241758956909179688e+02,-1.415202331542968750e+02,-1.616906433105468750e+02,5.601506805419921875e+01,-1.558167877197265625e+02,7.654463195800781250e+01,6.751300811767578125e+01,7.094351196289062500e+01,1.855300521850585938e+01,1.750658416748046875e+01,1.130250320434570312e+02,1.493383483886718750e+02,-9.034552764892578125e+01,1.347686462402343750e+02,-2.269461631774902344e+01,1.641545677185058594e+01,1.460723018646240234e+01,-8.261772155761718750e+01,-1.302080078125000000e+02,5.027806091308593750e+01,-6.453443145751953125e+01,-2.100453758239746094e+01,3.909479904174804688e+01,9.897451782226562500e+01,-1.513337860107421875e+02,-9.141284942626953125e+01,1.779315795898437500e+02,1.547696380615234375e+02,1.253731822967529297e+01,-1.613508758544921875e+02,-1.540919494628906250e+02,-5.168410491943359375e+01,-3.476661682128906250e+01,-8.163727569580078125e+01,-4.372309494018554688e+01,8.918831634521484375e+01,-3.712661266326904297e+00,-1.654021606445312500e+02
-1.320971221923828125e+02,1.139308853149414062e+02,1.120287399291992188e+02,-1.032339706420898438e+02,-1.170333633422851562e+02,-1.339440002441406250e+02,-1.539879455566406250e+02,4.103522491455078125e+01,-1.515347137451171875e+02,7.383808898925781250e+01,6.520798492431640625e+01,6.812101745605468750e+01,5.065609931945800781e+00,7.754227638244628906e+00,1.104169235229492188e+02,1.398311462402343750e+02,-9.321983337402343750e+01,1.336408081054687500e+02,-3.024935913085937500e+01,1.055933570861816406e+01,5.679194450378417969e+00,-7.690160369873046875e+01,-1.224109039306640625e+02,4.560446166992187500e+01,-7.142108917236328125e+01,-2.823247146606445312e+01,3.502062606811523438e+01,9.787641906738281250e+01,-1.446318054199218750e+02,-8.946935272216796875e+01,1.650311431884765625e+02,1.493553466796875000e+02,1.243639215826988220e-01,-1.473682250976562500e+02,-1.472332763671875000e+02,-5.320352554321289062e+01,-3.700402069091796875e+01,-7.822148132324218750e+01,-4.788283538818359375e+01,8.665734863281250000e+01,-6.042664051055908203e+00,-1.590599517822265625e+02
-1.318245239257812500e+02,1.171784515380859375e+02,1.159363403320312500e+02,-1.074523849487304688e+02,-1.183263854980468750e+02,-1.340093841552734375e+02,-1.529172363281250000e+02,5.824811553955078125e+01,-1.485629119873046875e+02,7.475077819824218750e+01,6.491961669921875000e+01,6.962385559082031250e+01,2.178358840942382812e+01,2.109243392944335938e+01,1.095351333618164062e+02,1.474610290527343750e+02,-9.375797271728515625e+01,1.219329528808593750e+02,-1.460841274261474609e+01,2.129483222961425781e+01,1.863840484619140625e+01,-8.150688171386718750e+01,-1.263226089477539062e+02,4.534217453002929688e+01,-5.214731979370117188e+01,-1.321757316589355469e+01,4.123156738281250000e+01,9.050595855712890625e+01,-1.421389923095703125e+02,-9.163604736328125000e+01,1.685533294677734375e+02,1.465599822998046875e+02,1.969476127624511719e+01,-1.500112457275390625e+02,-1.430942687988281250e+02,-3.548044967651367188e+01,-2.555294036865234375e+01,-6.636587524414062500e+01,-3.160097885131835938e+01,8.632011413574218750e+01,-1.157012343406677246e+00,-1.569921569824218750e+02
-1.329032897949218750e+02,1.153504333496093750e+02,1.115223083496093750e+02,-1.101588592529296875e+02,-1.183437423706054688e+02,-1.365944824218750000e+02,-1.567957305908203125e+02,5.104472351074218750e+01,-1.519855651855468750e+02,7.144926452636718750e+01,6.015028762817382812e+01,6.298131942749023438e+01,1.146827507019042969e+01,1.271096134185791016e+01,1.072936553955078125e+02,1.389685821533203125e+02,-8.979984283447265625e+01,1.251506423950195312e+02,-2.257322502136230469e+01,1.421828460693359375e+01,9.064505577087402344e+00,-7.800115966796875000e+01,-1.223181152343750000e+02,4.654474639892578125e+01,-6.884761810302734375e+01,-2.203339767456054688e+01,3.660002899169921875e+01,9.060905456542968750e+01,-1.474583282470703125e+02,-9.392013549804687500e+01,1.661206512451171875e+02,1.470466003417968750e+02,7.908416271209716797e+00,-1.545793762207031250e+02,-1.497256774902343750e+02,-5.008242416381835938e+01,-3.709490585327148438e+01,-8.088033294677734375e+01,-4.764222335815429688e+01,8.113488769531250000e+01,1.127856254577636719e+00,-1.611583251953125000e+02
-1.255803298950195312e+02,1.171059265136718750e+02,1.184133605957031250e+02,-1.018346786499023438e+02,-1.124839096069335938e+02,-1.270134353637695312e+02,-1.480422058105468750e+02,6.747846984863281250e+01,-1.440551605224609375e+02,7.633036041259765625e+01,6.429577636718750000e+01,7.145560455322265625e+01,3.295052719116210938e+01,3.293333816528320312e+01,1.067416915893554688e+02,1.456092834472656250e+02,-9.145245361328125000e+01,1.163041000366210938e+02,-3.329677104949951172e+00,3.443829345703125000e+01,3.148318862915039062e+01,-7.397145843505859375e+01,-1.212852172851562500e+02,4.063600921630859375e+01,-3.988018798828125000e+01,-2.937314510345458984e+00,3.277765274047851562e+01,8.350625610351562500e+01,-1.367979583740234375e+02,-8.557588958740234375e+01,1.625116119384765625e+02,1.431633605957031250e+02,3.116108131408691406e+01,-1.446910552978515625e+02,-1.387297363281250000e+02,-2.910294342041015625e+01,-1.365148735046386719e+01,-4.736452102661132812e+01,-1.928707313537597656e+01,8.710075378417968750e+01,3.980382680892944336e+00,-1.531947021484375000e+02
-1.348532714843750000e+02,1.210065231323242188e+02,1.236077423095703125e+02,-1.047777328491210938e+02,-1.178829345703125000e+02,-1.368243865966796875e+02,-1.533928833007812500e+02,5.758350372314453125e+01,-1.488473663330078125e+02,8.021649932861328125e+01,7.171944427490234375e+01,7.585594177246093750e+01,2.323044586181640625e+01,1.993124389648437500e+01,1.152802352905273438e+02,1.556421966552734375e+02,-1.010603866577148438e+02,1.274770736694335938e+02,-1.301674461364746094e+01,2.253456306457519531e+01,1.959659576416015625e+01,-8.563217926025390625e+01,-1.311921997070312500e+02,5.014907073974609375e+01,-5.576930999755859375e+01,-1.032317352294921875e+01,4.851996612548828125e+01,9.448417663574218750e+01,-1.479809570312500000e+02,-8.945778656005859375e+01,1.706218719482421875e+02,1.467628021240234375e+02,1.996114158630371094e+01,-1.571582336425781250e+02,-1.512715454101562500e+02,-2.866521263122558594e+01,-2.807918930053710938e+01,-6.800018310546875000e+01,-3.735451507568359375e+01,9.279048156738281250e+01,1.145048713684082031e+01,-1.564874267578125000e+02
-1.331512908935546875e+02,1.194911422729492188e+02,1.205913772583007812e+02,-1.034369430541992188e+02,-1.182210769653320312e+02,-1.358436737060546875e+02,-1.524380035400390625e+02,5.558296203613281250e+01,-1.502604522705078125e+02,8.030732727050781250e+01,7.160258483886718750e+01,7.624121093750000000e+01,2.261159515380859375e+01,2.120085906982421875e+01,1.152136840820312500e+02,1.495014038085937500e+02,-8.831812286376953125e+01,1.349841461181640625e+02,-2.069548606872558594e+01,1.973341751098632812e+01,1.789787483215332031e+01,-7.372415924072265625e+01,-1.241213912963867188e+02,5.304405212402343750e+01,-5.923704528808593750e+01,-2.060422134399414062e+01,3.606610488891601562e+01,9.739938354492187500e+01,-1.424373168945312500e+02,-8.716300201416015625e+01,1.744651336669921875e+02,1.536242218017578125e+02,1.550345802307128906e+01,-1.502110137939453125e+02,-1.438721008300781250e+02,-4.685155868530273438e+01,-3.039886474609375000e+01,-7.342222595214843750e+01,-3.631632614135742188e+01,9.431340789794921875e+01,-3.996700525283813477e+00,-1.596561431884765625e+02
-1.205838851928710938e+02,1.122320709228515625e+02,1.106761322021484375e+02,-9.163196563720703125e+01,-1.067930831909179688e+02,-1.217469406127929688e+02,-1.420351257324218750e+02,5.651809692382812500e+01,-1.387650299072265625e+02,7.543910217285156250e+01,6.381803131103515625e+01,7.059966278076171875e+01,2.545531082153320312e+01,2.609846305847167969e+01,1.075803756713867188e+02,1.436381225585937500e+02,-9.115688323974609375e+01,1.199803390502929688e+02,-1.237026977539062500e+01,2.308094024658203125e+01,2.182998466491699219e+01,-7.820138549804687500e+01,-1.221513900756835938e+02,4.570893859863281250e+01,-5.085138702392578125e+01,-1.275101470947265625e+01,3.698731231689453125e+01,8.713353729248046875e+01,-1.350554351806640625e+02,-8.742176055908203125e+01,1.625138854980468750e+02,1.439062500000000000e+02,1.954239463806152344e+01,-1.419285888671875000e+02,-1.347869262695312500e+02,-3.764786911010742188e+01,-2.554203605651855469e+01,-6.337638473510742188e+01,-2.967431831359863281e+01,8.504150390625000000e+01,-3.066111564636230469e+00,-1.532910766601562500e+02
-1.369882659912109375e+02,1.217690887451171875e+02,1.250435333251953125e+02,-1.102502822875976562e+02,-1.237772293090820312e+02,-1.398975372314453125e+02,-1.572340240478515625e+02,5.533889770507812500e+01,-1.548120269775390625e+02,8.017103576660156250e+01,7.298478698730468750e+01,7.682279968261718750e+01,2.118596267700195312e+01,1.996110534667968750e+01,1.127890625000000000e+02,1.544120483398437500e+02,-1.017846298217773438e+02,1.256105804443359375e+02,-1.105950546264648438e+01,2.440118598937988281e+01,2.088451957702636719e+01,-9.045524597167968750e+01,-1.351483306884765625e+02,4.954977798461914062e+01,-5.174721908569335938e+01,-9.938402175903320312e+00,5.156456756591796875e+01,9.293660736083984375e+01,-1.522400207519531250e+02,-9.508717346191406250e+01,1.723236236572265625e+02,1.504922790527343750e+02,1.601683425903320312e+01,-1.594647216796875000e+02,-1.543808746337890625e+02,-3.326466369628906250e+01,-2.414660644531250000e+01,-6.133361053466796875e+01,-3.205481338500976562e+01,9.454398345947265625e+01,4.652904033660888672e+00,-1.632125091552734375e+02
-1.276265945434570312e+02,1.112751159667968750e+02,1.097589797973632812e+02,-1.019068603515625000e+02,-1.159979248046875000e+02,-1.306008453369140625e+02,-1.494464874267578125e+02,4.353780364990234375e+01,-1.475547180175781250e+02,7.277575683593750000e+01,6.438932037353515625e+01,6.847097778320312500e+01,9.365378379821777344e+00,1.198948669433593750e+01,1.070604553222656250e+02,1.390491485595703125e+02,-9.084321594238281250e+01,1.299118347167968750e+02,-2.741992759704589844e+01,1.288026618957519531e+01,8.900928497314453125e+00,-7.649762725830078125e+01,-1.234904327392578125e+02,4.398069000244140625e+01,-6.886672210693359375e+01,-2.827189636230468750e+01,3.142824363708496094e+01,9.702908325195312500e+01,-1.370129241943359375e+02,-9.786110687255859375e+01,1.735825805664062500e+02,1.545201416015625000e+02,6.730446338653564453e+00,-1.400079193115234375e+02,-1.361083221435546875e+02,-6.250166320800781250e+01,-4.358993530273437500e+01,-8.861178588867187500e+01,-4.773151016235351562e+01,8.678916931152343750e+01,-1.609963989257812500e+01,-1.510453948974609375e+02
-1.356950988769531250e+02,1.179451904296875000e+02,1.191468658447265625e+02,-1.190816955566406250e+02,-1.270355606079101562e+02,-1.410150299072265625e+02,-1.599952545166015625e+02,5.401738357543945312e+01,-1.564838409423828125e+02,7.355958557128906250e+01,6.417913055419921875e+01,6.820674133300781250e+01,1.565589141845703125e+01,1.675958633422851562e+01,1.064622955322265625e+02,1.442065277099609375e+02,-8.952854156494140625e+01,1.236871261596679688e+02,-1.786025238037109375e+01,1.740354919433593750e+01,1.360832023620605469e+01,-8.845369720458984375e+01,-1.316499633789062500e+02,4.766279602050781250e+01,-5.772211456298828125e+01,-1.740055847167968750e+01,4.447229766845703125e+01,9.019014739990234375e+01,-1.535325927734375000e+02,-9.585968017578125000e+01,1.703176422119140625e+02,1.488876800537109375e+02,1.384414863586425781e+01,-1.613926849365234375e+02,-1.556328735351562500e+02,-3.817748260498046875e+01,-3.050400733947753906e+01,-7.270335388183593750e+01,-3.843202209472656250e+01,8.483373260498046875e+01,4.911510944366455078e+00,-1.655860595703125000e+02
-1.352312316894531250e+02,1.186569747924804688e+02,1.159420471191406250e+02,-1.066078567504882812e+02,-1.195025024414062500e+02,-1.372083282470703125e+02,-1.568605346679687500e+02,5.286938858032226562e+01,-1.520413818359375000e+02,7.567831420898437500e+01,6.669763946533203125e+01,6.999542236328125000e+01,1.567287445068359375e+01,1.515619277954101562e+01,1.117370834350585938e+02,1.455978240966796875e+02,-8.854248809814453125e+01,1.324286804199218750e+02,-2.324836921691894531e+01,1.589450359344482422e+01,1.252028942108154297e+01,-7.533209228515625000e+01,-1.243234863281250000e+02,5.037310791015625000e+01,-6.462769317626953125e+01,-2.174536514282226562e+01,3.629174804687500000e+01,9.728779602050781250e+01,-1.473470306396484375e+02,-8.529956054687500000e+01,1.716486206054687500e+02,1.492984924316406250e+02,1.584094429016113281e+01,-1.588457183837890625e+02,-1.508174591064453125e+02,-4.463742065429687500e+01,-3.408330917358398438e+01,-7.955867004394531250e+01,-4.584062957763671875e+01,8.853047180175781250e+01,4.360569477081298828e+00,-1.611563568115234375e+02
-1.364892272949218750e+02,1.210054168701171875e+02,1.218249588012695312e+02,-1.111913681030273438e+02,-1.236243896484375000e+02,-1.395912933349609375e+02,-1.575805053710937500e+02,5.486838150024414062e+01,-1.557843170166015625e+02,7.837549591064453125e+01,7.052717590332031250e+01,7.414823913574218750e+01,1.899760818481445312e+01,1.895515441894531250e+01,1.120187606811523438e+02,1.543463897705078125e+02,-1.017450027465820312e+02,1.257180099487304688e+02,-1.447458457946777344e+01,2.263477897644042969e+01,1.834525108337402344e+01,-9.238571166992187500e+01,-1.363094482421875000e+02,4.874018096923828125e+01,-5.196453094482421875e+01,-1.224458408355712891e+01,5.433703231811523438e+01,9.223720550537109375e+01,-1.507785949707031250e+02,-9.932418823242187500e+01,1.714877929687500000e+02,1.491692504882812500e+02,1.619318008422851562e+01,-1.571161193847656250e+02,-1.513819427490234375e+02,-4.223110961914062500e+01,-2.581602096557617188e+01,-6.546895599365234375e+01,-3.308194351196289062e+01,9.230609130859375000e+01,-6.958860874176025391e+00,-1.632505645751953125e+02
-1.247736663818359375e+02,1.116933364868164062e+02,1.121852493286132812e+02,-9.391773223876953125e+01,-1.092823867797851562e+02,-1.257199020385742188e+02,-1.431409149169921875e+02,5.028001403808593750e+01,-1.392741088867187500e+02,7.483499908447265625e+01,6.614915466308593750e+01,7.054286193847656250e+01,1.797288703918457031e+01,1.657873535156250000e+01,1.077563629150390625e+02,1.421154174804687500e+02,-8.363694763183593750e+01,1.242441329956054688e+02,-2.009741783142089844e+01,1.734108161926269531e+01,1.486662292480468750e+01,-7.301862335205078125e+01,-1.196224060058593750e+02,4.775977325439453125e+01,-5.923588943481445312e+01,-1.930739593505859375e+01,3.685266494750976562e+01,9.249157714843750000e+01,-1.358528900146484375e+02,-7.963629150390625000e+01,1.623585968017578125e+02,1.430197753906250000e+02,1.255989646911621094e+01,-1.422564697265625000e+02,-1.369264526367187500e+02,-4.032378387451171875e+01,-2.859778213500976562e+01,-7.040171813964843750e+01,-3.737510299682617188e+01,8.594596099853515625e+01,2.399835348129272461e+00,-1.487637481689453125e+02
-1.293992919921875000e+02,1.176378250122070312e+02,1.141067428588867188e+02,-9.915625000000000000e+01,-1.161312026977539062e+02,-1.305751190185546875e+02,-1.525622253417968750e+02,5.442581558227539062e+01,-1.502004089355468750e+02,7.861383056640625000e+01,6.718225097656250000e+01,7.487484741210937500e+01,2.114245796203613281e+01,2.359791183471679688e+01,1.126806716918945312e+02,1.490578460693359375e+02,-8.788914489746093750e+01,1.312174377441406250e+02,-2.164181518554687500e+01,1.990263748168945312e+01,1.834722709655761719e+01,-7.869209289550781250e+01,-1.276690292358398438e+02,4.966475677490234375e+01,-6.055896377563476562e+01,-2.136105728149414062e+01,3.755423355102539062e+01,9.675599670410156250e+01,-1.446735382080078125e+02,-9.231512451171875000e+01,1.819993896484375000e+02,1.594462738037109375e+02,1.187263679504394531e+01,-1.531539611816406250e+02,-1.463748626708984375e+02,-5.340836715698242188e+01,-3.210888290405273438e+01,-7.674902343750000000e+01,-3.244584655761718750e+01,9.034352111816406250e+01,-9.640970230102539062e+00,-1.655913238525390625e+02
-1.375447845458984375e+02,1.199867172241210938e+02,1.211238327026367188e+02,-1.166834793090820312e+02,-1.275149841308593750e+02,-1.418100280761718750e+02,-1.603566284179687500e+02,5.391902923583984375e+01,-1.585063629150390625e+02,7.651627349853515625e+01,6.800770568847656250e+01,7.223786926269531250e+01,1.616826629638671875e+01,1.752545166015625000e+01,1.111863708496093750e+02,1.505765686035156250e+02,-9.407777404785156250e+01,1.304193572998046875e+02,-2.087848281860351562e+01,1.945840072631835938e+01,1.649085235595703125e+01,-9.001348876953125000e+01,-1.346076202392578125e+02,4.578504180908203125e+01,-5.560557174682617188e+01,-2.160236167907714844e+01,4.357471847534179688e+01,9.585484313964843750e+01,-1.519011077880859375e+02,-1.043947525024414062e+02,1.770942840576171875e+02,1.560381469726562500e+02,1.219656372070312500e+01,-1.565487823486328125e+02,-1.510463714599609375e+02,-5.317399215698242188e+01,-3.383309936523437500e+01,-7.534014892578125000e+01,-3.776996231079101562e+01,8.903372955322265625e+01,-1.168878459930419922e+01,-1.685098114013671875e+02
-1.339715728759765625e+02,1.185684509277343750e+02,1.145345001220703125e+02,-1.030323181152343750e+02,-1.162135009765625000e+02,-1.339307098388671875e+02,-1.546904602050781250e+02,5.598478698730468750e+01,-1.495381317138671875e+02,7.595932769775390625e+01,6.547448730468750000e+01,6.936460876464843750e+01,1.739770507812500000e+01,1.680836868286132812e+01,1.125877761840820312e+02,1.498140411376953125e+02,-9.500704956054687500e+01,1.254870300292968750e+02,-1.598196411132812500e+01,2.081190681457519531e+01,1.595410156250000000e+01,-7.722280120849609375e+01,-1.247948303222656250e+02,4.740675735473632812e+01,-5.928480148315429688e+01,-1.461919689178466797e+01,3.890118408203125000e+01,9.111021423339843750e+01,-1.461665344238281250e+02,-8.635688018798828125e+01,1.682451782226562500e+02,1.491873321533203125e+02,1.932655906677246094e+01,-1.542160797119140625e+02,-1.469987640380859375e+02,-4.362359237670898438e+01,-2.897142219543457031e+01,-7.193930816650390625e+01,-4.091408157348632812e+01,8.941324615478515625e+01,1.878861546516418457e+00,-1.606143646240234375e+02
-1.308877563476562500e+02,1.151693725585937500e+02,1.153095016479492188e+02,-1.004972991943359375e+02,-1.153939208984375000e+02,-1.336969604492187500e+02,-1.513405761718750000e+02,4.178855514526367188e+01,-1.488853302001953125e+02,7.521422576904296875e+01,6.922526550292968750e+01,7.237158203125000000e+01,8.213106155395507812e+00,8.355132102966308594e+00,1.088960723876953125e+02,1.463545989990234375e+02,-9.229249572753906250e+01,1.292963714599609375e+02,-2.539112472534179688e+01,1.426889610290527344e+01,9.846945762634277344e+00,-8.131623840332031250e+01,-1.269440002441406250e+02,4.421208572387695312e+01,-6.397182846069335938e+01,-2.191285896301269531e+01,4.014368820190429688e+01,9.688443756103515625e+01,-1.451231231689453125e+02,-8.931016540527343750e+01,1.744980468750000000e+02,1.534669952392578125e+02,2.584245681762695312e+00,-1.514291381835937500e+02,-1.477540588378906250e+02,-4.997241973876953125e+01,-3.547691726684570312e+01,-7.952883911132812500e+01,-4.292136764526367188e+01,9.103415679931640625e+01,-1.909119963645935059e+00,-1.586296539306640625e+02
-1.327339935302734375e+02,1.208082046508789062e+02,1.208358993530273438e+02,-9.920648956298828125e+01,-1.160884017944335938e+02,-1.342125244140625000e+02,-1.523310241699218750e+02,5.506150817871093750e+01,-1.498020019531250000e+02,8.216641235351562500e+01,7.283824157714843750e+01,7.729870605468750000e+01,2.188579559326171875e+01,2.034040451049804688e+01,1.161207656860351562e+02,1.544351959228515625e+02,-9.408542633056640625e+01,1.338228607177734375e+02,-2.160902595520019531e+01,1.782946586608886719e+01,1.503933620452880859e+01,-7.961052703857421875e+01,-1.277714233398437500e+02,5.060634231567382812e+01,-5.952305984497070312e+01,-1.821626091003417969e+01,4.463815689086914062e+01,9.914678955078125000e+01,-1.471287689208984375e+02,-9.286952209472656250e+01,1.784342193603515625e+02,1.576615447998046875e+02,1.093051433563232422e+01,-1.525032501220703125e+02,-1.473213500976562500e+02,-4.871250152587890625e+01,-3.394863891601562500e+01,-7.797866821289062500e+01,-4.030592346191406250e+01,9.598471832275390625e+01,-3.492160558700561523e+00,-1.624146270751953125e+02
-1.374857940673828125e+02,1.220312500000000000e+02,1.242830429077148438e+02,-1.076656417846679688e+02,-1.250412063598632812e+02,-1.414316864013671875e+02,-1.595287628173828125e+02,4.632794952392578125e+01,-1.584841918945312500e+02,8.176815032958984375e+01,7.605805206298828125e+01,7.970802307128906250e+01,1.393552017211914062e+01,1.434205150604248047e+01,1.190710830688476562e+02,1.604778900146484375e+02,-1.024018249511718750e+02,1.355355072021484375e+02,-1.904250335693359375e+01,1.956447982788085938e+01,1.298261547088623047e+01,-9.180501556396484375e+01,-1.411772918701171875e+02,5.080928039550781250e+01,-5.816350936889648438e+01,-1.605421829223632812e+01,4.766181945800781250e+01,1.002001495361328125e+02,-1.525853118896484375e+02,-9.932036590576171875e+01,1.797581787109375000e+02,1.585157470703125000e+02,1.174911689758300781e+01,-1.568484039306640625e+02,-1.527321624755859375e+02,-4.647918701171875000e+01,-2.918552589416503906e+01,-7.119801330566406250e+01,-3.318305969238281250e+01,9.499922180175781250e+01,-6.418920040130615234e+00,-1.688192291259765625e+02
-1.366923065185546875e+02,1.211548156738281250e+02,1.211935577392578125e+02,-1.073713760375976562e+02,-1.208668441772460938e+02,-1.399890289306640625e+02,-1.569582366943359375e+02,5.547328186035156250e+01,-1.531558227539062500e+02,7.957123565673828125e+01,7.153818511962890625e+01,7.478926086425781250e+01,2.071174812316894531e+01,1.835196113586425781e+01,1.153251800537109375e+02,1.562682800292968750e+02,-9.977436828613281250e+01,1.310532531738281250e+02,-1.560894298553466797e+01,2.097764396667480469e+01,1.755487823486328125e+01,-8.848952484130859375e+01,-1.353412628173828125e+02,5.198623657226562500e+01,-6.105289840698242188e+01,-1.464402961730957031e+01,4.748988723754882812e+01,9.599920654296875000e+01,-1.514092407226562500e+02,-9.298292541503906250e+01,1.785112915039062500e+02,1.548788909912109375e+02,1.585963344573974609e+01,-1.601737365722656250e+02,-1.530570526123046875e+02,-4.345687103271484375e+01,-2.980428695678710938e+01,-7.655259704589843750e+01,-3.864559936523437500e+01,9.403836822509765625e+01,-7.332133054733276367e-01,-1.645835266113281250e+02
-1.207182769775390625e+02,1.113747482299804688e+02,1.125433731079101562e+02,-9.212469482421875000e+01,-1.071624069213867188e+02,-1.216696701049804688e+02,-1.401658325195312500e+02,5.525174331665039062e+01,-1.374541015625000000e+02,7.562300109863281250e+01,6.532805633544921875e+01,7.126005554199218750e+01,2.429433059692382812e+01,2.381879806518554688e+01,1.085796508789062500e+02,1.420659027099609375e+02,-8.495948791503906250e+01,1.206367645263671875e+02,-1.470664787292480469e+01,2.062135124206542969e+01,1.643156051635742188e+01,-6.793148803710937500e+01,-1.166070556640625000e+02,4.508068084716796875e+01,-5.138403701782226562e+01,-1.459226036071777344e+01,3.305348968505859375e+01,8.835830688476562500e+01,-1.328918609619140625e+02,-7.646878814697265625e+01,1.596115722656250000e+02,1.419369201660156250e+02,1.702980995178222656e+01,-1.419949035644531250e+02,-1.356672363281250000e+02,-3.833692932128906250e+01,-2.521734428405761719e+01,-6.062691116333007812e+01,-3.115387916564941406e+01,8.818602752685546875e+01,4.705491542816162109e+00,-1.493134613037109375e+02
-1.361961669921875000e+02,1.151158447265625000e+02,1.143306579589843750e+02,-1.094640579223632812e+02,-1.201670837402343750e+02,-1.389914703369140625e+02,-1.586283416748046875e+02,4.183946990966796875e+01,-1.563220062255859375e+02,7.365618896484375000e+01,6.416579437255859375e+01,6.703861999511718750e+01,3.812029600143432617e+00,7.035102844238281250e+00,1.128675231933593750e+02,1.418463897705078125e+02,-9.301235198974609375e+01,1.333956756591796875e+02,-3.016624641418457031e+01,1.142351531982421875e+01,6.136119842529296875e+00,-8.456461334228515625e+01,-1.271445159912109375e+02,4.593365478515625000e+01,-7.244562530517578125e+01,-2.750832557678222656e+01,3.724115753173828125e+01,9.708640289306640625e+01,-1.499441680908203125e+02,-9.254321289062500000e+01,1.717422180175781250e+02,1.529892730712890625e+02,2.872208595275878906e+00,-1.554802398681640625e+02,-1.534711761474609375e+02,-5.278838729858398438e+01,-3.813183593750000000e+01,-8.276449584960937500e+01,-4.840433120727539062e+01,8.711316680908203125e+01,-4.062341690063476562e+00,-1.636923828125000000e+02
-1.299875030517578125e+02,1.147552490234375000e+02,1.133744201660156250e+02,-1.007226638793945312e+02,-1.114164199829101562e+02,-1.323041229248046875e+02,-1.473167877197265625e+02,5.768728637695312500e+01,-1.428307647705078125e+02,7.521259307861328125e+01,6.604794311523437500e+01,6.916796875000000000e+01,2.291980361938476562e+01,1.882869148254394531e+01,1.057246170043945312e+02,1.400168762207031250e+02,-8.383047485351562500e+01,1.238521194458007812e+02,-1.717255783081054688e+01,1.781591415405273438e+01,1.708631896972656250e+01,-7.383709716796875000e+01,-1.196946868896484375e+02,5.020704650878906250e+01,-6.035768890380859375e+01,-1.902595329284667969e+01,3.518189239501953125e+01,9.060597991943359375e+01,-1.413356475830078125e+02,-8.561804962158203125e+01,1.660715789794921875e+02,1.448266754150390625e+02,1.507049942016601562e+01,-1.506167144775390625e+02,-1.432705688476562500e+02,-4.855066299438476562e+01,-3.271749114990234375e+01,-7.629864501953125000e+01,-4.195193862915039062e+01,8.392850494384765625e+01,-3.843196630477905273e+00,-1.562357177734375000e+02
-1.392585906982421875e+02,1.233190155029296875e+02,1.217765426635742188e+02,-1.120845336914062500e+02,-1.232057418823242188e+02,-1.417241516113281250e+02,-1.598819427490234375e+02,6.104687881469726562e+01,-1.568030242919921875e+02,7.951947021484375000e+01,6.975215911865234375e+01,7.365071105957031250e+01,2.268132400512695312e+01,2.096908950805664062e+01,1.116483230590820312e+02,1.524626464843750000e+02,-9.856578063964843750e+01,1.259870986938476562e+02,-1.478751182556152344e+01,2.254802513122558594e+01,1.921932601928710938e+01,-9.274116516113281250e+01,-1.356128540039062500e+02,4.883514785766601562e+01,-5.229842758178710938e+01,-1.200459384918212891e+01,5.360641098022460938e+01,9.178368377685546875e+01,-1.540251922607421875e+02,-9.621678924560546875e+01,1.751528778076171875e+02,1.518667755126953125e+02,1.847216224670410156e+01,-1.633070831298828125e+02,-1.561140747070312500e+02,-4.206173324584960938e+01,-2.721436309814453125e+01,-6.823397064208984375e+01,-3.460255432128906250e+01,9.131966400146484375e+01,-1.745760321617126465e+00,-1.666880950927734375e+02
-1.276213302612304688e+02,1.147602539062500000e+02,1.090920181274414062e+02,-9.756871795654296875e+01,-1.115268707275390625e+02,-1.272860031127929688e+02,-1.489036407470703125e+02,5.424059295654296875e+01,-1.454574127197265625e+02,7.426455688476562500e+01,6.276296234130859375e+01,6.781858062744140625e+01,1.700206375122070312e+01,1.863232612609863281e+01,1.077089996337890625e+02,1.403358612060546875e+02,-8.319064331054687500e+01,1.293013305664062500e+02,-2.431788063049316406e+01,1.753399467468261719e+01,1.583111095428466797e+01,-7.382757568359375000e+01,-1.179242401123046875e+02,4.789522933959960938e+01,-5.711225509643554688e+01,-2.166672897338867188e+01,3.569463729858398438e+01,9.262719726562500000e+01,-1.376339111328125000e+02,-8.528550720214843750e+01,1.699031677246093750e+02,1.491401519775390625e+02,1.051158618927001953e+01,-1.462253265380859375e+02,-1.393709716796875000e+02,-4.990506362915039062e+01,-3.207906723022460938e+01,-7.401689910888671875e+01,-3.584848785400390625e+01,8.728386688232421875e+01,-6.379487514495849609e+00,-1.555023803710937500e+02
-1.347453918457031250e+02,1.173911743164062500e+02,1.159617309570312500e+02,-1.047494964599609375e+02,-1.202275009155273438e+02,-1.375012664794921875e+02,-1.562117309570312500e+02,4.403067398071289062e+01,-1.547656555175781250e+02,7.762240600585937500e+01,6.956858062744140625e+01,7.328945159912109375e+01,8.795489311218261719e+00,1.065959548950195312e+01,1.122700195312500000e+02,1.501086883544921875e+02,-9.487704467773437500e+01,1.332544708251953125e+02,-2.428084754943847656e+01,1.570854091644287109e+01,1.131696796417236328e+01,-8.946080017089843750e+01,-1.322815246582031250e+02,4.788439941406250000e+01,-6.314064788818359375e+01,-2.029991531372070312e+01,4.443817901611328125e+01,9.645978546142578125e+01,-1.517448120117187500e+02,-9.650544738769531250e+01,1.767124328613281250e+02,1.554853973388671875e+02,8.903929710388183594e+00,-1.571861572265625000e+02,-1.517381286621093750e+02,-4.617095184326171875e+01,-3.689497756958007812e+01,-8.051591491699218750e+01,-4.332218551635742188e+01,9.119557189941406250e+01,2.517120599746704102e+00,-1.655468902587890625e+02
-1.313828887939453125e+02,1.150393447875976562e+02,1.108249282836914062e+02,-1.077562942504882812e+02,-1.168933258056640625e+02,-1.340924377441406250e+02,-1.555352478027343750e+02,5.223397064208984375e+01,-1.486130523681640625e+02,6.933147430419921875e+01,6.024770355224609375e+01,6.284469223022460938e+01,1.421366691589355469e+01,1.434333992004394531e+01,1.056729278564453125e+02,1.394541320800781250e+02,-8.728802490234375000e+01,1.286035766601562500e+02,-2.409582710266113281e+01,1.570068454742431641e+01,1.134947299957275391e+01,-7.606326293945312500e+01,-1.199600524902343750e+02,4.595804214477539062e+01,-5.891607284545898438e+01,-2.317233467102050781e+01,3.469527816772460938e+01,9.231845855712890625e+01,-1.474542541503906250e+02,-8.720598602294921875e+01,1.689228057861328125e+02,1.459492034912109375e+02,1.363207244873046875e+01,-1.591078186035156250e+02,-1.505596160888671875e+02,-4.748426818847656250e+01,-3.147267150878906250e+01,-7.613638305664062500e+01,-4.079927825927734375e+01,8.417660522460937500e+01,5.256934165954589844e-01,-1.605413513183593750e+02
-1.284922485351562500e+02,1.196752624511718750e+02,1.190924301147460938e+02,-9.788485717773437500e+01,-1.135726089477539062e+02,-1.307245635986328125e+02,-1.498987426757812500e+02,5.780836868286132812e+01,-1.473170471191406250e+02,8.092482757568359375e+01,7.059014129638671875e+01,7.519842529296875000e+01,2.592466163635253906e+01,2.499979972839355469e+01,1.127834320068359375e+02,1.520129394531250000e+02,-9.822486877441406250e+01,1.234762802124023438e+02,-1.258977603912353516e+01,2.296217346191406250e+01,2.062606620788574219e+01,-8.008325195312500000e+01,-1.271384735107421875e+02,4.734947967529296875e+01,-5.563016891479492188e+01,-1.253838825225830078e+01,4.135688018798828125e+01,9.160963439941406250e+01,-1.444481201171875000e+02,-8.845190429687500000e+01,1.689088592529296875e+02,1.505292205810546875e+02,1.904330825805664062e+01,-1.513562774658203125e+02,-1.447639007568359375e+02,-4.115333938598632812e+01,-2.823700332641601562e+01,-6.595424652099609375e+01,-3.582101058959960938e+01,9.389893341064453125e+01,2.169096231460571289e+00,-1.599965057373046875e+02
-1.278476943969726562e+02,1.136037063598632812e+02,1.141137924194335938e+02,-1.020372314453125000e+02,-1.154787139892578125e+02,-1.300552062988281250e+02,-1.476975555419921875e+02,5.182415008544921875e+01,-1.462469940185546875e+02,7.473815155029296875e+01,6.683140563964843750e+01,7.127432250976562500e+01,1.838199996948242188e+01,1.872372627258300781e+01,1.077526321411132812e+02,1.420456695556640625e+02,-8.693726348876953125e+01,1.277061233520507812e+02,-1.965180015563964844e+01,1.726367568969726562e+01,1.633635520935058594e+01,-8.914792633056640625e+01,-1.281279449462890625e+02,4.796086120605468750e+01,-5.422856903076171875e+01,-1.765169143676757812e+01,4.454530334472656250e+01,9.082852172851562500e+01,-1.437231140136718750e+02,-9.558805847167968750e+01,1.700108184814453125e+02,1.508847198486328125e+02,1.212369728088378906e+01,-1.484996948242187500e+02,-1.423432922363281250e+02,-4.660315704345703125e+01,-3.308077621459960938e+01,-7.444107818603515625e+01,-3.753640365600585938e+01,8.544525909423828125e+01,-4.735495090484619141e+00,-1.609193572998046875e+02
-1.279598312377929688e+02,1.158950805664062500e+02,1.181906051635742188e+02,-1.043167877197265625e+02,-1.152874679565429688e+02,-1.299352722167968750e+02,-1.480395050048828125e+02,6.196710205078125000e+01,-1.440178222656250000e+02,7.586424255371093750e+01,6.582522583007812500e+01,7.176074981689453125e+01,2.831624412536621094e+01,2.689529991149902344e+01,1.082833023071289062e+02,1.441215362548828125e+02,-8.985537719726562500e+01,1.206766357421875000e+02,-1.162697410583496094e+01,2.381638526916503906e+01,2.271914672851562500e+01,-7.535728454589843750e+01,-1.224632034301757812e+02,4.586905288696289062e+01,-5.054819107055664062e+01,-1.251438713073730469e+01,3.371748352050781250e+01,8.805908203125000000e+01,-1.405126953125000000e+02,-8.571875000000000000e+01,1.664230194091796875e+02,1.445974884033203125e+02,2.110122489929199219e+01,-1.506320190429687500e+02,-1.434663848876953125e+02,-3.785089111328125000e+01,-2.419942474365234375e+01,-6.136614990234375000e+01,-2.875104331970214844e+01,8.738478088378906250e+01,3.166212141513824463e-01,-1.564893493652343750e+02
-1.344151611328125000e+02,1.216803436279296875e+02,1.202961120605468750e+02,-1.056427536010742188e+02,-1.191775741577148438e+02,-1.362193450927734375e+02,-1.557108459472656250e+02,6.021879577636718750e+01,-1.524334259033203125e+02,7.999382019042968750e+01,6.937489318847656250e+01,7.412995910644531250e+01,2.442175292968750000e+01,2.365309524536132812e+01,1.142021942138671875e+02,1.534045867919921875e+02,-1.018831634521484375e+02,1.228197784423828125e+02,-1.152191352844238281e+01,2.551790618896484375e+01,2.177660942077636719e+01,-8.288446807861328125e+01,-1.294931335449218750e+02,4.572219848632812500e+01,-5.126670455932617188e+01,-1.063169097900390625e+01,4.356629943847656250e+01,9.103707122802734375e+01,-1.485912017822265625e+02,-9.578703308105468750e+01,1.705816802978515625e+02,1.498935546875000000e+02,2.212619590759277344e+01,-1.566127624511718750e+02,-1.496821746826171875e+02,-3.353636169433593750e+01,-2.461301040649414062e+01,-6.154659271240234375e+01,-3.248475265502929688e+01,9.073230743408203125e+01,2.441458463668823242e+00,-1.626767425537109375e+02
-1.280971527099609375e+02,1.168144683837890625e+02,1.210947113037109375e+02,-9.837488555908203125e+01,-1.156749801635742188e+02,-1.313858489990234375e+02,-1.479094543457031250e+02,4.929741287231445312e+01,-1.461199798583984375e+02,7.992984771728515625e+01,7.328164672851562500e+01,7.784925842285156250e+01,2.049949264526367188e+01,1.925737380981445312e+01,1.153044967651367188e+02,1.510264739990234375e+02,-9.063368225097656250e+01,1.336282958984375000e+02,-2.012879943847656250e+01,1.619305992126464844e+01,1.377985191345214844e+01,-7.784652709960937500e+01,-1.268895111083984375e+02,5.310519790649414062e+01,-6.385873031616210938e+01,-1.691529846191406250e+01,4.056692886352539062e+01,9.854055023193359375e+01,-1.416405334472656250e+02,-8.482569885253906250e+01,1.721850891113281250e+02,1.536446533203125000e+02,9.252473831176757812e+00,-1.471605987548828125e+02,-1.422008666992187500e+02,-4.429108810424804688e+01,-3.427530288696289062e+01,-7.744558715820312500e+01,-4.237138748168945312e+01,9.561450195312500000e+01,2.252964735031127930e+00,-1.567110290527343750e+02
-1.239756927490234375e+02,1.128296890258789062e+02,1.126542892456054688e+02,-8.985227966308593750e+01,-1.078903579711914062e+02,-1.255766372680664062e+02,-1.431346435546875000e+02,4.474338150024414062e+01,-1.398414154052734375e+02,7.627046966552734375e+01,6.889442443847656250e+01,7.315395355224609375e+01,1.425534915924072266e+01,1.289343643188476562e+01,1.132928390502929688e+02,1.471586914062500000e+02,-9.111959838867187500e+01,1.302031860351562500e+02,-2.234952735900878906e+01,1.378397178649902344e+01,9.072940826416015625e+00,-7.114937591552734375e+01,-1.192749633789062500e+02,5.047602844238281250e+01,-6.486228942871093750e+01,-2.051240158081054688e+01,4.231326293945312500e+01,9.604315948486328125e+01,-1.372624511718750000e+02,-8.188010406494140625e+01,1.692872009277343750e+02,1.505533599853515625e+02,6.071949005126953125e+00,-1.432847442626953125e+02,-1.390844268798828125e+02,-4.599200439453125000e+01,-3.479413986206054688e+01,-7.892091369628906250e+01,-4.307840347290039062e+01,9.058389282226562500e+01,-1.015023589134216309e+00,-1.506092376708984375e+02
-1.294875488281250000e+02,1.146951828002929688e+02,1.143293609619140625e+02,-9.989176940917968750e+01,-1.160701675415039062e+02,-1.320174713134765625e+02,-1.506201934814453125e+02,4.666386795043945312e+01,-1.470132446289062500e+02,7.545519256591796875e+01,6.800968933105468750e+01,7.238279724121093750e+01,1.404318714141845703e+01,1.416655158996582031e+01,1.113810958862304688e+02,1.453699645996093750e+02,-8.793586730957031250e+01,1.332470703125000000e+02,-2.423835754394531250e+01,1.451896858215332031e+01,1.166558361053466797e+01,-7.748476409912109375e+01,-1.245721435546875000e+02,5.043168640136718750e+01,-6.523941040039062500e+01,-2.289982604980468750e+01,3.816004943847656250e+01,9.832560729980468750e+01,-1.416253967285156250e+02,-8.654631042480468750e+01,1.749358673095703125e+02,1.533682403564453125e+02,7.569380283355712891e+00,-1.501171722412109375e+02,-1.443668518066406250e+02,-5.123469543457031250e+01,-3.549359893798828125e+01,-7.875354003906250000e+01,-3.918080520629882812e+01,8.975934600830078125e+01,-4.981859683990478516e+00,-1.585896911621093750e+02
-1.244642715454101562e+02,1.130953598022460938e+02,1.108113327026367188e+02,-9.376992034912109375e+01,-1.098772506713867188e+02,-1.253090286254882812e+02,-1.444921264648437500e+02,5.204400253295898438e+01,-1.432675933837890625e+02,7.636457061767578125e+01,6.622890472412109375e+01,7.159693908691406250e+01,1.941658020019531250e+01,2.063968467712402344e+01,1.096509780883789062e+02,1.460730590820312500e+02,-9.021344757080078125e+01,1.271481781005859375e+02,-1.763101577758789062e+01,1.964634132385253906e+01,1.709412574768066406e+01,-7.958042907714843750e+01,-1.239324417114257812e+02,4.956367874145507812e+01,-5.514854812622070312e+01,-1.750190544128417969e+01,3.949996948242187500e+01,9.142481994628906250e+01,-1.384978790283203125e+02,-9.485838317871093750e+01,1.691604766845703125e+02,1.485097351074218750e+02,1.247965812683105469e+01,-1.431182250976562500e+02,-1.371279602050781250e+02,-5.030028533935546875e+01,-3.079041290283203125e+01,-7.263265991210937500e+01,-3.436654663085937500e+01,8.564634704589843750e+01,-1.273544883728027344e+01,-1.546452178955078125e+02
-1.314093017578125000e+02,1.142611541748046875e+02,1.200740737915039062e+02,-1.078604812622070312e+02,-1.204491271972656250e+02,-1.335155944824218750e+02,-1.515271148681640625e+02,4.944084548950195312e+01,-1.474842681884765625e+02,7.358040618896484375e+01,6.786103820800781250e+01,7.201686859130859375e+01,1.585066890716552734e+01,1.507839679718017578e+01,1.090276031494140625e+02,1.451896972656250000e+02,-8.800296020507812500e+01,1.265071029663085938e+02,-1.910725784301757812e+01,1.594611740112304688e+01,1.391606044769287109e+01,-7.608168029785156250e+01,-1.234777832031250000e+02,4.947706222534179688e+01,-6.229478073120117188e+01,-1.862968063354492188e+01,3.930459976196289062e+01,9.472583007812500000e+01,-1.415840911865234375e+02,-8.513180541992187500e+01,1.706968688964843750e+02,1.493432159423828125e+02,7.953751564025878906e+00,-1.499500122070312500e+02,-1.444133453369140625e+02,-4.964305114746093750e+01,-3.204632949829101562e+01,-7.651309204101562500e+01,-4.043201828002929688e+01,9.065365600585937500e+01,-4.401401996612548828e+00,-1.542149810791015625e+02
-1.241317443847656250e+02,1.208108444213867188e+02,1.245070571899414062e+02,-9.486804962158203125e+01,-1.084066925048828125e+02,-1.277820739746093750e+02,-1.470923767089843750e+02,6.912516784667968750e+01,-1.438096313476562500e+02,8.143125152587890625e+01,6.991143035888671875e+01,7.657675170898437500e+01,3.902833938598632812e+01,3.666097640991210938e+01,1.139818572998046875e+02,1.518419036865234375e+02,-9.227586364746093750e+01,1.248129959106445312e+02,-5.076861381530761719e+00,3.235480499267578125e+01,3.006471252441406250e+01,-7.057685852050781250e+01,-1.211466598510742188e+02,4.431664276123046875e+01,-4.588479995727539062e+01,-3.764685153961181641e+00,3.397492980957031250e+01,8.829074096679687500e+01,-1.374892578125000000e+02,-8.383679199218750000e+01,1.638778686523437500e+02,1.470019226074218750e+02,3.234082794189453125e+01,-1.474905548095703125e+02,-1.419469909667968750e+02,-2.591568756103515625e+01,-2.045189285278320312e+01,-5.251396942138671875e+01,-2.840044403076171875e+01,9.533258819580078125e+01,9.436462402343750000e+00,-1.554505157470703125e+02
-1.378205871582031250e+02,1.204038162231445312e+02,1.177452926635742188e+02,-1.094636459350585938e+02,-1.204602279663085938e+02,-1.403647308349609375e+02,-1.583792724609375000e+02,5.577539443969726562e+01,-1.539683380126953125e+02,7.684902954101562500e+01,6.755216979980468750e+01,7.026103973388671875e+01,1.732273483276367188e+01,1.544306850433349609e+01,1.122931747436523438e+02,1.500559844970703125e+02,-9.287033843994140625e+01,1.300637664794921875e+02,-1.968490791320800781e+01,1.840818786621093750e+01,1.502118968963623047e+01,-8.432555389404296875e+01,-1.299531402587890625e+02,4.862367630004882812e+01,-5.505068588256835938e+01,-1.595126628875732422e+01,4.344877243041992188e+01,9.510057067871093750e+01,-1.505271606445312500e+02,-9.191500854492187500e+01,1.705958099365234375e+02,1.491973266601562500e+02,1.703273391723632812e+01,-1.579472656250000000e+02,-1.518997650146484375e+02,-3.856460189819335938e+01,-3.069546127319335938e+01,-7.277456665039062500e+01,-4.008198928833007812e+01,8.953307342529296875e+01,5.297404289245605469e+00,-1.624296722412109375e+02
-1.253111953735351562e+02,1.123651885986328125e+02,1.143057479858398438e+02,-9.403275299072265625e+01,-1.117204208374023438e+02,-1.264705276489257812e+02,-1.445416259765625000e+02,4.435711669921875000e+01,-1.430923156738281250e+02,7.603701019287109375e+01,6.939100646972656250e+01,7.366162872314453125e+01,1.346528816223144531e+01,1.362448692321777344e+01,1.113741378784179688e+02,1.469721069335937500e+02,-8.895867919921875000e+01,1.330129089355468750e+02,-2.415782928466796875e+01,1.414865493774414062e+01,1.131050682067871094e+01,-8.042192840576171875e+01,-1.232800979614257812e+02,5.059608459472656250e+01,-6.261751937866210938e+01,-1.865690422058105469e+01,4.498501205444335938e+01,9.587241363525390625e+01,-1.393377532958984375e+02,-8.940408325195312500e+01,1.674318389892578125e+02,1.490805053710937500e+02,7.455250263214111328e+00,-1.427369842529296875e+02,-1.384731292724609375e+02,-4.568251037597656250e+01,-3.659459304809570312e+01,-7.775940704345703125e+01,-4.424091339111328125e+01,8.942831420898437500e+01,-7.003910541534423828e-01,-1.538566131591796875e+02
-1.354988555908203125e+02,1.169746398925781250e+02,1.181715011596679688e+02,-1.178592224121093750e+02,-1.247391967773437500e+02,-1.408655242919921875e+02,-1.579686431884765625e+02,5.432084655761718750e+01,-1.551897583007812500e+02,7.401673889160156250e+01,6.382564544677734375e+01,6.737828826904296875e+01,1.546613216400146484e+01,1.564822387695312500e+01,1.024987716674804688e+02,1.440031585693359375e+02,-9.647371673583984375e+01,1.163327713012695312e+02,-1.169421958923339844e+01,2.076665496826171875e+01,1.528168678283691406e+01,-8.967212677001953125e+01,-1.313542938232421875e+02,4.562821578979492188e+01,-4.897367095947265625e+01,-1.092584800720214844e+01,5.131913757324218750e+01,8.448512268066406250e+01,-1.511153717041015625e+02,-9.962693023681640625e+01,1.680773468017578125e+02,1.456406250000000000e+02,1.606727790832519531e+01,-1.589328155517578125e+02,-1.525972442626953125e+02,-3.700119781494140625e+01,-2.492570495605468750e+01,-6.522039031982421875e+01,-3.326281738281250000e+01,8.396794891357421875e+01,-3.468430042266845703e+00,-1.620350952148437500e+02
-1.120671157836914062e+02,1.126079559326171875e+02,1.184332656860351562e+02,-7.227244567871093750e+01,-9.312960815429687500e+01,-1.145695877075195312e+02,-1.318100280761718750e+02,5.558584594726562500e+01,-1.315374298095703125e+02,8.089809417724609375e+01,6.982387542724609375e+01,7.859005737304687500e+01,2.896359634399414062e+01,2.629440689086914062e+01,1.192679443359375000e+02,1.529734191894531250e+02,-8.575511932373046875e+01,1.258956527709960938e+02,-1.427061748504638672e+01,2.000351905822753906e+01,1.630619239807128906e+01,-5.878366851806640625e+01,-1.130612335205078125e+02,4.772785949707031250e+01,-5.939165878295898438e+01,-1.266440200805664062e+01,4.183049392700195312e+01,9.423388671875000000e+01,-1.219759063720703125e+02,-6.190974044799804688e+01,1.565685577392578125e+02,1.456803588867187500e+02,1.300971794128417969e+01,-1.323052215576171875e+02,-1.275334625244140625e+02,-4.582225036621093750e+01,-2.710229110717773438e+01,-7.118618774414062500e+01,-3.620734786987304688e+01,9.567527770996093750e+01,7.874742150306701660e-02,-1.375298919677734375e+02
-1.322160034179687500e+02,1.187524490356445312e+02,1.209452972412109375e+02,-9.993608093261718750e+01,-1.176972656250000000e+02,-1.343519134521484375e+02,-1.521809234619140625e+02,4.944522857666015625e+01,-1.496988220214843750e+02,8.048817443847656250e+01,7.317539978027343750e+01,7.760817718505859375e+01,1.741086196899414062e+01,1.646272277832031250e+01,1.162535400390625000e+02,1.563859100341796875e+02,-9.703198242187500000e+01,1.307757415771484375e+02,-1.869437599182128906e+01,1.826127433776855469e+01,1.388063716888427734e+01,-8.193589019775390625e+01,-1.323361816406250000e+02,5.019792556762695312e+01,-6.244482421875000000e+01,-1.840896606445312500e+01,4.420944213867187500e+01,9.889256286621093750e+01,-1.463653259277343750e+02,-8.917755889892578125e+01,1.763966522216796875e+02,1.567635192871093750e+02,1.056969928741455078e+01,-1.519014587402343750e+02,-1.473863220214843750e+02,-4.673954391479492188e+01,-3.221881103515625000e+01,-7.464279174804687500e+01,-3.864910507202148438e+01,9.516332244873046875e+01,2.231147587299346924e-01,-1.621569061279296875e+02
-1.362585449218750000e+02,1.208103103637695312e+02,1.202443313598632812e+02,-1.114731903076171875e+02,-1.226294479370117188e+02,-1.402373657226562500e+02,-1.578264312744140625e+02,5.667344665527343750e+01,-1.541128234863281250e+02,7.723496246337890625e+01,6.861273193359375000e+01,7.227494812011718750e+01,2.106648445129394531e+01,1.973783111572265625e+01,1.110769271850585938e+02,1.519901733398437500e+02,-9.981655883789062500e+01,1.226901931762695312e+02,-1.396837329864501953e+01,2.359781455993652344e+01,2.039367103576660156e+01,-8.742753601074218750e+01,-1.320445709228515625e+02,4.669172668457031250e+01,-5.245574188232421875e+01,-1.465932464599609375e+01,4.792756652832031250e+01,9.101144409179687500e+01,-1.489679565429687500e+02,-9.421109771728515625e+01,1.717355651855468750e+02,1.483246459960937500e+02,1.542156600952148438e+01,-1.569691162109375000e+02,-1.511387481689453125e+02,-4.045344543457031250e+01,-2.500736045837402344e+01,-6.471002197265625000e+01,-3.005626296997070312e+01,8.862837982177734375e+01,-3.456856012344360352e+00,-1.618951416015625000e+02
-1.305962219238281250e+02,1.183842391967773438e+02,1.209397354125976562e+02,-1.031297836303710938e+02,-1.172173995971679688e+02,-1.332813568115234375e+02,-1.505554351806640625e+02,5.602463912963867188e+01,-1.469524688720703125e+02,7.883307647705078125e+01,7.033651733398437500e+01,7.494189453125000000e+01,2.451317214965820312e+01,2.273335838317871094e+01,1.126037521362304688e+02,1.516707305908203125e+02,-9.681593322753906250e+01,1.261375961303710938e+02,-1.585272598266601562e+01,2.066329574584960938e+01,1.904003334045410156e+01,-8.304794311523437500e+01,-1.248419494628906250e+02,4.954098510742187500e+01,-5.570677185058593750e+01,-1.271432399749755859e+01,5.075759887695312500e+01,9.204345703125000000e+01,-1.458478393554687500e+02,-9.339845275878906250e+01,1.698699035644531250e+02,1.501258392333984375e+02,1.659707832336425781e+01,-1.504770660400390625e+02,-1.452496643066406250e+02,-3.862236022949218750e+01,-2.731430435180664062e+01,-6.670943450927734375e+01,-3.480527114868164062e+01,9.110973358154296875e+01,-4.118059575557708740e-01,-1.597037200927734375e+02
-1.342401733398437500e+02,1.246883468627929688e+02,1.196021881103515625e+02,-9.627925109863281250e+01,-1.135779037475585938e+02,-1.354296264648437500e+02,-1.552627105712890625e+02,6.163960266113281250e+01,-1.494116516113281250e+02,8.465026092529296875e+01,7.122440338134765625e+01,7.654216766357421875e+01,2.686089515686035156e+01,2.412996864318847656e+01,1.182268905639648438e+02,1.542689819335937500e+02,-9.220435333251953125e+01,1.317452239990234375e+02,-1.818315887451171875e+01,2.173884582519531250e+01,1.805628395080566406e+01,-7.332199859619140625e+01,-1.244897155761718750e+02,4.970825576782226562e+01,-5.915536499023437500e+01,-1.670931625366210938e+01,3.761107254028320312e+01,9.588648223876953125e+01,-1.489005584716796875e+02,-8.589353942871093750e+01,1.744610595703125000e+02,1.546598510742187500e+02,2.289960861206054688e+01,-1.586601104736328125e+02,-1.507198791503906250e+02,-4.626467514038085938e+01,-2.914838790893554688e+01,-7.555642700195312500e+01,-4.262454223632812500e+01,9.466083526611328125e+01,-2.908687293529510498e-01,-1.636106567382812500e+02
-1.354078521728515625e+02,1.222051162719726562e+02,1.213406295776367188e+02,-1.053199310302734375e+02,-1.193771743774414062e+02,-1.356668090820312500e+02,-1.562095336914062500e+02,6.105595397949218750e+01,-1.524646759033203125e+02,8.071131134033203125e+01,6.956037139892578125e+01,7.491321563720703125e+01,2.396588516235351562e+01,2.344919776916503906e+01,1.137854385375976562e+02,1.527235260009765625e+02,-9.774827575683593750e+01,1.263384780883789062e+02,-1.155435657501220703e+01,2.443509674072265625e+01,2.305753707885742188e+01,-8.713606262207031250e+01,-1.328638305664062500e+02,4.814062118530273438e+01,-5.139974212646484375e+01,-1.143684196472167969e+01,4.262154388427734375e+01,9.325159454345703125e+01,-1.485529174804687500e+02,-8.920669555664062500e+01,1.734432067871093750e+02,1.506172180175781250e+02,1.820292472839355469e+01,-1.581328430175781250e+02,-1.516516876220703125e+02,-3.896907806396484375e+01,-2.403909683227539062e+01,-6.282835388183593750e+01,-3.031013488769531250e+01,9.310454559326171875e+01,2.196499347686767578e+00,-1.618765106201171875e+02
-1.345839691162109375e+02,1.199221343994140625e+02,1.179759063720703125e+02,-1.046591796875000000e+02,-1.202238006591796875e+02,-1.361943664550781250e+02,-1.567216186523437500e+02,5.253440856933593750e+01,-1.529189453125000000e+02,7.798284912109375000e+01,6.889548492431640625e+01,7.335340881347656250e+01,1.688215255737304688e+01,1.749111938476562500e+01,1.136630630493164062e+02,1.528782806396484375e+02,-9.219027709960937500e+01,1.319991302490234375e+02,-2.072109031677246094e+01,1.788117599487304688e+01,1.646461105346679688e+01,-8.359418487548828125e+01,-1.309292144775390625e+02,5.038071441650390625e+01,-6.210842514038085938e+01,-2.101910400390625000e+01,4.447617721557617188e+01,9.913536071777343750e+01,-1.486551055908203125e+02,-9.639472961425781250e+01,1.819021453857421875e+02,1.589408264160156250e+02,9.359086990356445312e+00,-1.544777984619140625e+02,-1.486714630126953125e+02,-4.865439224243164062e+01,-3.464421463012695312e+01,-8.052742767333984375e+01,-3.808720016479492188e+01,9.208898925781250000e+01,-4.754040718078613281e+00,-1.644216308593750000e+02
-1.334134521484375000e+02,1.163207473754882812e+02,1.138683242797851562e+02,-1.070086517333984375e+02,-1.196522140502929688e+02,-1.359750823974609375e+02,-1.551052093505859375e+02,4.848789596557617188e+01,-1.531488189697265625e+02,7.553957366943359375e+01,6.567267608642578125e+01,6.920252227783203125e+01,1.056896018981933594e+01,1.257471370697021484e+01,1.080136718750000000e+02,1.467980499267578125e+02,-9.303751373291015625e+01,1.271705322265625000e+02,-1.981588554382324219e+01,1.695343971252441406e+01,1.363883399963378906e+01,-9.033286285400390625e+01,-1.288190460205078125e+02,4.775683212280273438e+01,-5.509115982055664062e+01,-1.547630691528320312e+01,4.991670227050781250e+01,9.083766174316406250e+01,-1.487583160400390625e+02,-9.445369720458984375e+01,1.699526062011718750e+02,1.485172424316406250e+02,1.233427047729492188e+01,-1.563126068115234375e+02,-1.500857238769531250e+02,-4.161484146118164062e+01,-2.890845108032226562e+01,-7.089620208740234375e+01,-3.442107391357421875e+01,8.729797363281250000e+01,-1.314904212951660156e+00,-1.626885833740234375e+02
-1.355124511718750000e+02,1.193887100219726562e+02,1.158903808593750000e+02,-1.059346160888671875e+02,-1.177180938720703125e+02,-1.378092498779296875e+02,-1.565020599365234375e+02,5.387115097045898438e+01,-1.509234924316406250e+02,7.604570770263671875e+01,6.691920471191406250e+01,6.918974304199218750e+01,1.669175338745117188e+01,1.445856475830078125e+01,1.097033615112304688e+02,1.475376586914062500e+02,-9.398714447021484375e+01,1.233044891357421875e+02,-1.549250602722167969e+01,1.955543327331542969e+01,1.567901039123535156e+01,-8.098632812500000000e+01,-1.266971588134765625e+02,4.738111114501953125e+01,-5.593525314331054688e+01,-1.314776611328125000e+01,4.234423828125000000e+01,9.092645263671875000e+01,-1.503376159667968750e+02,-9.053752136230468750e+01,1.697130889892578125e+02,1.471040802001953125e+02,1.840062522888183594e+01,-1.592490539550781250e+02,-1.529763641357421875e+02,-3.568365097045898438e+01,-2.901177787780761719e+01,-7.073839569091796875e+01,-3.872438430786132812e+01,8.813498687744140625e+01,7.550551891326904297e+00,-1.609494476318359375e+02
-1.343743591308593750e+02,1.196366958618164062e+02,1.198075180053710938e+02,-1.027385025024414062e+02,-1.188996963500976562e+02,-1.361237335205078125e+02,-1.545862426757812500e+02,5.155377960205078125e+01,-1.515986785888671875e+02,7.962468719482421875e+01,7.168374633789062500e+01,7.558428955078125000e+01,1.713705444335937500e+01,1.636297035217285156e+01,1.151189193725585938e+02,1.530875396728515625e+02,-9.373962402343750000e+01,1.306389923095703125e+02,-2.002642822265625000e+01,1.834156608581542969e+01,1.392229080200195312e+01,-8.089241027832031250e+01,-1.294059600830078125e+02,4.879298400878906250e+01,-5.857241439819335938e+01,-1.566670989990234375e+01,4.268283081054687500e+01,9.683007049560546875e+01,-1.482872619628906250e+02,-8.803495788574218750e+01,1.722785034179687500e+02,1.524061737060546875e+02,1.500623703002929688e+01,-1.550982055664062500e+02,-1.495882263183593750e+02,-4.069133758544921875e+01,-2.983506011962890625e+01,-7.064575195312500000e+01,-3.891440963745117188e+01,9.442468261718750000e+01,5.207720279693603516e+00,-1.618064117431640625e+02
-1.361891174316406250e+02,1.241827697753906250e+02,1.290294799804687500e+02,-1.083842697143554688e+02,-1.222480239868164062e+02,-1.391076049804687500e+02,-1.566064300537109375e+02,6.277433776855468750e+01,-1.522855224609375000e+02,8.318273925781250000e+01,7.370161437988281250e+01,7.956537628173828125e+01,3.023897933959960938e+01,2.746584510803222656e+01,1.169674453735351562e+02,1.583391113281250000e+02,-1.025446395874023438e+02,1.267631225585937500e+02,-5.900176048278808594e+00,2.986920166015625000e+01,2.730169677734375000e+01,-8.262434387207031250e+01,-1.342270812988281250e+02,4.698649597167968750e+01,-5.081699752807617188e+01,-8.115495681762695312e+00,3.794065093994140625e+01,9.383020019531250000e+01,-1.486525115966796875e+02,-8.860906219482421875e+01,1.767904968261718750e+02,1.523914489746093750e+02,2.150389862060546875e+01,-1.584037933349609375e+02,-1.529988555908203125e+02,-3.776296234130859375e+01,-2.110669326782226562e+01,-5.687274169921875000e+01,-2.588577079772949219e+01,9.687683105468750000e+01,2.538950920104980469e+00,-1.618328094482421875e+02
-1.341257629394531250e+02,1.199219818115234375e+02,1.201548080444335938e+02,-1.091194610595703125e+02,-1.221345825195312500e+02,-1.367105865478515625e+02,-1.562044372558593750e+02,5.456898117065429688e+01,-1.538292694091796875e+02,7.739233398437500000e+01,6.900778961181640625e+01,7.315004730224609375e+01,1.921199226379394531e+01,1.992083549499511719e+01,1.132685470581054688e+02,1.513968048095703125e+02,-9.281776428222656250e+01,1.303990783691406250e+02,-1.966483879089355469e+01,1.903774070739746094e+01,1.635843658447265625e+01,-8.172475433349609375e+01,-1.280546569824218750e+02,4.912390899658203125e+01,-5.474357223510742188e+01,-1.675279998779296875e+01,4.269802856445312500e+01,9.588285827636718750e+01,-1.471743316650390625e+02,-9.105075836181640625e+01,1.732071075439453125e+02,1.527446899414062500e+02,1.152519607543945312e+01,-1.528465881347656250e+02,-1.481014862060546875e+02,-3.887548065185546875e+01,-2.964013671875000000e+01,-6.933383178710937500e+01,-3.361551284790039062e+01,9.126058197021484375e+01,3.084384679794311523e+00,-1.631296691894531250e+02
-1.388238525390625000e+02,1.197585601806640625e+02,1.205618972778320312e+02,-1.135555801391601562e+02,-1.261926345825195312e+02,-1.421133728027343750e+02,-1.609027099609375000e+02,5.159802246093750000e+01,-1.583451080322265625e+02,7.687315368652343750e+01,6.941136169433593750e+01,7.317999267578125000e+01,1.415126132965087891e+01,1.495824241638183594e+01,1.148086776733398438e+02,1.525379028320312500e+02,-9.527645111083984375e+01,1.381277465820312500e+02,-2.550728988647460938e+01,1.702925872802734375e+01,1.277540397644042969e+01,-8.838683319091796875e+01,-1.333661193847656250e+02,4.770044708251953125e+01,-5.783568954467773438e+01,-2.131702232360839844e+01,4.214770126342773438e+01,9.987152862548828125e+01,-1.535733947753906250e+02,-1.039958267211914062e+02,1.857316131591796875e+02,1.623904876708984375e+02,1.283180046081542969e+01,-1.598120422363281250e+02,-1.530573883056640625e+02,-5.649910354614257812e+01,-3.781073379516601562e+01,-8.235546112060546875e+01,-4.126367568969726562e+01,9.225572967529296875e+01,-1.106464862823486328e+01,-1.708488464355468750e+02
-1.343861083984375000e+02,1.196303863525390625e+02,1.144695968627929688e+02,-1.047211227416992188e+02,-1.153752365112304688e+02,-1.353437347412109375e+02,-1.544769592285156250e+02,6.143959808349609375e+01,-1.491911773681640625e+02,7.657761383056640625e+01,6.495671081542968750e+01,6.861673736572265625e+01,2.221346282958984375e+01,1.990714836120605469e+01,1.085842132568359375e+02,1.458949890136718750e+02,-9.660155487060546875e+01,1.200454940795898438e+02,-1.242282104492187500e+01,2.306678962707519531e+01,1.944578552246093750e+01,-8.133370971679687500e+01,-1.258112945556640625e+02,4.500926208496093750e+01,-4.978407287597656250e+01,-1.325720405578613281e+01,3.991973114013671875e+01,8.757095336914062500e+01,-1.459885101318359375e+02,-9.017169189453125000e+01,1.689169769287109375e+02,1.460761566162109375e+02,1.969003868103027344e+01,-1.550935516357421875e+02,-1.482947692871093750e+02,-4.163685607910156250e+01,-2.400539779663085938e+01,-6.188713073730468750e+01,-2.976722908020019531e+01,8.736893463134765625e+01,-2.624239683151245117e+00,-1.596133117675781250e+02
-1.262378997802734375e+02,1.111149063110351562e+02,1.133152999877929688e+02,-9.454675292968750000e+01,-1.096681442260742188e+02,-1.301031036376953125e+02,-1.463299713134765625e+02,3.536461257934570312e+01,-1.416218414306640625e+02,7.210597229003906250e+01,6.751437377929687500e+01,7.153487396240234375e+01,5.843171119689941406e+00,4.239161968231201172e+00,1.116202926635742188e+02,1.394536437988281250e+02,-9.022396087646484375e+01,1.302625732421875000e+02,-3.145029067993164062e+01,7.584004402160644531e+00,3.141208887100219727e+00,-7.165074920654296875e+01,-1.183521652221679688e+02,4.544439697265625000e+01,-7.241448974609375000e+01,-2.549351501464843750e+01,4.064553451538085938e+01,9.817917633056640625e+01,-1.396267242431640625e+02,-8.609673309326171875e+01,1.704473419189453125e+02,1.526736602783203125e+02,-2.404098361730575562e-01,-1.441868438720703125e+02,-1.403831329345703125e+02,-4.956058120727539062e+01,-4.108378982543945312e+01,-8.637741088867187500e+01,-5.142631149291992188e+01,9.079653167724609375e+01,-6.699981689453125000e+00,-1.507634735107421875e+02
-1.305025024414062500e+02,1.149497375488281250e+02,1.121214065551757812e+02,-1.066982955932617188e+02,-1.183334045410156250e+02,-1.340894927978515625e+02,-1.533352813720703125e+02,5.190944671630859375e+01,-1.489501037597656250e+02,7.246427917480468750e+01,6.340045166015625000e+01,6.773284912109375000e+01,1.630592918395996094e+01,1.692622756958007812e+01,1.084859771728515625e+02,1.416335144042968750e+02,-8.564246368408203125e+01,1.312228393554687500e+02,-2.277577781677246094e+01,1.574641609191894531e+01,1.331049823760986328e+01,-8.226014709472656250e+01,-1.242561950683593750e+02,4.920593643188476562e+01,-5.962919235229492188e+01,-2.095412826538085938e+01,3.739475250244140625e+01,9.360861968994140625e+01,-1.447885894775390625e+02,-9.197347259521484375e+01,1.738362579345703125e+02,1.522524719238281250e+02,1.033064079284667969e+01,-1.515040283203125000e+02,-1.448872985839843750e+02,-4.883097076416015625e+01,-3.499911117553710938e+01,-7.879528045654296875e+01,-4.057145690917968750e+01,8.628141021728515625e+01,-3.739688396453857422e+00,-1.607133026123046875e+02
-1.213526992797851562e+02,1.159951477050781250e+02,1.159663085937500000e+02,-8.331735992431640625e+01,-1.033410644531250000e+02,-1.214521942138671875e+02,-1.416482391357421875e+02,5.650415039062500000e+01,-1.397448120117187500e+02,8.136966705322265625e+01,6.871780395507812500e+01,7.572658538818359375e+01,2.495375442504882812e+01,2.428444480895996094e+01,1.211735458374023438e+02,1.513946838378906250e+02,-8.782792663574218750e+01,1.310397491455078125e+02,-1.976926803588867188e+01,1.911654663085937500e+01,1.488982105255126953e+01,-5.972681427001953125e+01,-1.102051315307617188e+02,5.033780288696289062e+01,-5.956764602661132812e+01,-1.680414390563964844e+01,4.263475799560546875e+01,9.414948272705078125e+01,-1.330623626708984375e+02,-7.392935943603515625e+01,1.633737182617187500e+02,1.494581146240234375e+02,1.814938163757324219e+01,-1.423755798339843750e+02,-1.357038421630859375e+02,-4.132588195800781250e+01,-3.099929809570312500e+01,-7.257056427001953125e+01,-3.880741119384765625e+01,9.395312500000000000e+01,3.465829610824584961e+00,-1.516775360107421875e+02
-1.391580963134765625e+02,1.218007965087890625e+02,1.203357925415039062e+02,-1.140362167358398438e+02,-1.247668304443359375e+02,-1.415953826904296875e+02,-1.612961120605468750e+02,5.681444549560546875e+01,-1.572325286865234375e+02,7.650196075439453125e+01,6.750651550292968750e+01,7.098011779785156250e+01,1.756853485107421875e+01,1.730054855346679688e+01,1.093541641235351562e+02,1.488366088867187500e+02,-9.648764038085937500e+01,1.247311096191406250e+02,-1.237070083618164062e+01,2.226361846923828125e+01,1.908058166503906250e+01,-9.221192932128906250e+01,-1.357059478759765625e+02,4.822721862792968750e+01,-5.041994857788085938e+01,-1.237836742401123047e+01,4.810801315307617188e+01,9.051852416992187500e+01,-1.542834625244140625e+02,-9.649514770507812500e+01,1.730426635742187500e+02,1.498241882324218750e+02,1.681083488464355469e+01,-1.629973907470703125e+02,-1.563470458984375000e+02,-4.055196762084960938e+01,-2.637789726257324219e+01,-6.877716064453125000e+01,-3.612604904174804688e+01,8.962243652343750000e+01,-6.672347784042358398e-01,-1.645961456298828125e+02
-1.333930358886718750e+02,1.177661437988281250e+02,1.196520309448242188e+02,-1.129866409301757812e+02,-1.248411941528320312e+02,-1.354253845214843750e+02,-1.565617675781250000e+02,5.597711563110351562e+01,-1.538965301513671875e+02,7.479932403564453125e+01,6.629663848876953125e+01,7.253593444824218750e+01,1.944365310668945312e+01,2.144790649414062500e+01,1.092667922973632812e+02,1.448882751464843750e+02,-8.632144165039062500e+01,1.283635559082031250e+02,-1.786277008056640625e+01,1.860905647277832031e+01,1.840637397766113281e+01,-8.298693084716796875e+01,-1.280317535400390625e+02,5.037948608398437500e+01,-5.881090545654296875e+01,-1.787814521789550781e+01,3.816553878784179688e+01,9.343465423583984375e+01,-1.471975555419921875e+02,-9.338875579833984375e+01,1.731383361816406250e+02,1.518831176757812500e+02,1.400553512573242188e+01,-1.547116088867187500e+02,-1.479974517822265625e+02,-4.464708328247070312e+01,-3.067112731933593750e+01,-7.351850128173828125e+01,-3.496603393554687500e+01,8.762620544433593750e+01,-2.936246633529663086e+00,-1.639514923095703125e+02
-1.266797637939453125e+02,1.163233184814453125e+02,1.164332351684570312e+02,-9.519862365722656250e+01,-1.116764297485351562e+02,-1.272726669311523438e+02,-1.470065307617187500e+02,5.553623962402343750e+01,-1.431707763671875000e+02,7.858592987060546875e+01,6.785234069824218750e+01,7.349284362792968750e+01,2.282708358764648438e+01,2.203356361389160156e+01,1.129514007568359375e+02,1.486010894775390625e+02,-8.763821411132812500e+01,1.260192031860351562e+02,-1.761673164367675781e+01,2.007409286499023438e+01,1.690364837646484375e+01,-7.075022888183593750e+01,-1.225336532592773438e+02,4.855000305175781250e+01,-5.806794357299804688e+01,-1.939516830444335938e+01,3.655294418334960938e+01,9.484111022949218750e+01,-1.384178924560546875e+02,-8.173151397705078125e+01,1.686594696044921875e+02,1.499318847656250000e+02,1.526112556457519531e+01,-1.460413055419921875e+02,-1.401142272949218750e+02,-4.225864791870117188e+01,-2.932791709899902344e+01,-6.948776245117187500e+01,-3.388123703002929688e+01,9.079962158203125000e+01,1.449631333351135254e+00,-1.552906646728515625e+02
-1.150665969848632812e+02,1.103485412597656250e+02,1.112322387695312500e+02,-8.252508544921875000e+01,-9.951119995117187500e+01,-1.167568130493164062e+02,-1.349478302001953125e+02,5.452799224853515625e+01,-1.345039672851562500e+02,7.670767211914062500e+01,6.625305938720703125e+01,7.189479827880859375e+01,2.602548027038574219e+01,2.567154693603515625e+01,1.085124588012695312e+02,1.432020111083984375e+02,-8.453007507324218750e+01,1.195652313232421875e+02,-1.365146923065185547e+01,2.002722740173339844e+01,1.822949600219726562e+01,-6.780452728271484375e+01,-1.147648620605468750e+02,4.755560302734375000e+01,-5.773423767089843750e+01,-1.392811298370361328e+01,3.654549407958984375e+01,8.825946807861328125e+01,-1.293942871093750000e+02,-7.778363037109375000e+01,1.592264709472656250e+02,1.422001190185546875e+02,1.423489952087402344e+01,-1.361428680419921875e+02,-1.299665527343750000e+02,-4.176553726196289062e+01,-3.059287834167480469e+01,-7.178491210937500000e+01,-3.722819137573242188e+01,8.640067291259765625e+01,-1.492516160011291504e+00,-1.459003753662109375e+02
-1.289123229980468750e+02,1.170643386840820312e+02,1.186134719848632812e+02,-1.009769973754882812e+02,-1.175119171142578125e+02,-1.303912506103515625e+02,-1.509402618408203125e+02,5.500812530517578125e+01,-1.502789611816406250e+02,7.912000274658203125e+01,6.932511138916015625e+01,7.689465332031250000e+01,2.294407081604003906e+01,2.507288742065429688e+01,1.145534515380859375e+02,1.499239044189453125e+02,-9.105771636962890625e+01,1.310435028076171875e+02,-1.527444458007812500e+01,2.421941947937011719e+01,2.319975471496582031e+01,-8.307044982910156250e+01,-1.312894897460937500e+02,4.965691375732421875e+01,-5.181456756591796875e+01,-1.453192329406738281e+01,3.453941726684570312e+01,9.383824920654296875e+01,-1.408897094726562500e+02,-9.564741516113281250e+01,1.762612762451171875e+02,1.551020355224609375e+02,2.144726181030273438e+01,-1.479345397949218750e+02,-1.402828063964843750e+02,-5.178623199462890625e+01,-2.812733650207519531e+01,-7.166763305664062500e+01,-3.022260475158691406e+01,9.071961212158203125e+01,-1.594478321075439453e+01,-1.628302917480468750e+02
-1.342995605468750000e+02,1.167160186767578125e+02,1.179376907348632812e+02,-1.106646957397460938e+02,-1.210261154174804688e+02,-1.378153381347656250e+02,-1.547433166503906250e+02,5.213716888427734375e+01,-1.517580261230468750e+02,7.462119293212890625e+01,6.717157745361328125e+01,6.988017272949218750e+01,1.593535804748535156e+01,1.511195182800292969e+01,1.085442581176757812e+02,1.470146179199218750e+02,-9.140554809570312500e+01,1.241616897583007812e+02,-1.725619506835937500e+01,1.790953254699707031e+01,1.428266525268554688e+01,-8.277419281005859375e+01,-1.286902465820312500e+02,4.799390411376953125e+01,-5.724118804931640625e+01,-1.623521614074707031e+01,4.312253189086914062e+01,9.258432769775390625e+01,-1.462115936279296875e+02,-9.050894927978515625e+01,1.672650299072265625e+02,1.462509918212890625e+02,1.443607711791992188e+01,-1.528549041748046875e+02,-1.474078979492187500e+02,-3.860735702514648438e+01,-2.899360847473144531e+01,-7.047003173828125000e+01,-3.700587844848632812e+01,8.791210937500000000e+01,2.659741878509521484e+00,-1.581481170654296875e+02
-1.307857360839843750e+02,1.190716476440429688e+02,1.166845474243164062e+02,-9.944614410400390625e+01,-1.139425048828125000e+02,-1.316167907714843750e+02,-1.512992095947265625e+02,5.852938079833984375e+01,-1.462622528076171875e+02,7.881434631347656250e+01,6.755524444580078125e+01,7.212397003173828125e+01,2.357956695556640625e+01,2.208499145507812500e+01,1.103814163208007812e+02,1.498387451171875000e+02,-9.353089904785156250e+01,1.227771224975585938e+02,-1.271469116210937500e+01,2.250105857849121094e+01,2.146215057373046875e+01,-8.037055206298828125e+01,-1.276948852539062500e+02,4.773903656005859375e+01,-5.911437606811523438e+01,-1.408985996246337891e+01,3.910449600219726562e+01,9.144499206542968750e+01,-1.434220581054687500e+02,-8.554668426513671875e+01,1.703870544433593750e+02,1.490025939941406250e+02,1.896649169921875000e+01,-1.542435913085937500e+02,-1.461729431152343750e+02,-4.761313629150390625e+01,-2.740231513977050781e+01,-7.377421569824218750e+01,-3.704892730712890625e+01,8.884672546386718750e+01,-5.247795104980468750e+00,-1.589719696044921875e+02
