1.048418570991566234e+01,1.245851516032307593e+01,2.013662459301458441e+01,3.310390196034297361e+01,1.711695066301246237e+00,9.490526855765155645e+00,5.159917635001560754e+00,1.519045753096313345e-01,1.034729916451633080e+01,1.662083331244255646e+01,5.882869197933946914e+00,5.801846688770742055e+00,7.244037203107117406e+00,9.737734592809564660e+00
1.340534781346607573e+01,1.640992382675800698e+01,2.844634510793962434e+01,3.457465581896659046e+01,2.526504502271860186e+00,9.097292179544416157e+00,7.706581602760066652e+00,1.589024858207087332e-01,1.004833443909985391e+01,1.846665711491931106e+01,6.896290669628125869e+00,6.938459843509937386e+00,8.108122470708000407e+00,1.361077055129502789e+01
9.355241846152352991e+00,1.796177608144583360e+01,3.048580120318310094e+01,3.746221663222826948e+01,1.796037304735067508e+00,1.038166894097475890e+01,8.291533332261296962e+00,4.062019202318571665e-02,1.667536956112218149e+01,2.794189059458934565e+01,9.276699305248612859e+00,7.840028698927058670e+00,1.360544468218514069e+01,1.299609364386084209e+01
8.809362916806193766e+00,1.478092267079428446e+01,3.142903474496153393e+01,3.608097351790831198e+01,1.678138850035943319e+00,7.697182926239958256e+00,5.914706247988981147e+00,2.243880567231625878e-01,1.041391016861582663e+01,2.023272225875697572e+01,8.910583594804554863e+00,8.707414943598362100e+00,1.129351694557545649e+01,1.285758628203599940e+01
1.120978590339708525e+01,1.310300538044613283e+01,2.406600558879681273e+01,3.238657437889967383e+01,2.987787643056307285e+00,8.966395596893990572e+00,8.646111842903710709e+00,3.612478373637638684e-01,1.009205256625232927e+01,1.994907641972429957e+01,7.837504385963685927e+00,6.657706061399837338e+00,3.088689042296111631e-01,1.010011262313447133e+01
1.042087568297403521e+01,2.019206465421502372e+01,3.211120832357448762e+01,3.875366466542229205e+01,1.126521193764236317e+00,1.154033470051887456e+01,9.440554803611927781e+00,1.343502884254476892e-01,9.959213071322469801e+00,2.240540448195478973e+01,9.035276697478607844e+00,6.706675778655172948e+00,1.467013036751889565e+01,1.144838307360475937e+01
9.028072884065545978e+00,1.544653844717318414e+01,2.782834032061558460e+01,3.217306249022619369e+01,3.066325162144416971e+00,9.422402825182118136e+00,6.287608845976367711e+00,5.500000000000358769e-02,1.033823364990365334e+01,2.083622386614234401e+01,8.480255007958190205e+00,6.883053464851195180e+00,1.384110725339558456e+01,1.059135496525349396e+01
1.259027203836359377e+01,1.312319892404286037e+01,2.821055033139198898e+01,3.599832426655440543e+01,1.203858380375359749e+00,9.317427220000155330e+00,6.439275968616339441e+00,2.872281323268999556e-02,1.232252510648689103e+01,2.148846376547192705e+01,7.850632140152793426e+00,6.600693145420408747e+00,1.463636823122457287e+01,1.221999283960510674e+01
1.244499196464183299e+01,1.641922196695082548e+01,2.628055364713613429e+01,3.346194667080801821e+01,1.390934937371267832e+00,9.588770776277856456e+00,7.411319045891893609e+00,3.461935874622735776e-01,1.026632724006010555e+01,2.236493125408616223e+01,1.100691260072505706e+01,6.958701387471653454e+00,2.059732992404601781e-01,1.702726710309087110e+01
1.038320398528315458e+01,1.676279287589032307e+01,2.830172697910854041e+01,3.637517938100099002e+01,9.307120929696802714e-01,9.748363965302081269e+00,4.827465691229714473e+00,1.342572158209806854e-01,1.216113995479043020e+01,2.212665078587358636e+01,1.023668281231766919e+01,6.985925135585120849e+00,1.134793483414493132e+01,1.437879254318666788e+01
1.436824101969340184e+01,1.634870101873539028e+01,2.768998600577473823e+01,3.511965439750227347e+01,2.751572277807730948e+00,8.956087315340329980e+00,7.301439926480249198e+00,3.038914279804540430e-01,1.021137968151218800e+01,2.460095221734313498e+01,9.310303432219591002e+00,6.646025127848975700e+00,1.124271319566588723e+01,1.285448851568977879e+01
1.280050194328333824e+01,1.638932121840316114e+01,3.103105057841260006e+01,3.602366479135624644e+01,2.145757442023674244e+00,1.065540355875834955e+01,7.325991400486350891e+00,3.140461749488452359e-01,1.138322010680633767e+01,2.149910986529442525e+01,9.329208165755543902e+00,9.585389924254522853e+00,1.135881265802020046e+01,1.133867496667929409e+01
1.036261067492161736e+01,1.139744817930751886e+01,2.776503736716375670e+01,3.459716390110610007e+01,1.728481992963762703e+00,8.096965480968796314e+00,1.187616310093456384e+01,1.051189802081452518e-01,7.520262628392713644e+00,1.963759977695848846e+01,7.067308540031343789e+00,6.787366941605566417e+00,1.258182021807655460e+01,1.049034556151512376e+01
8.749002800319601647e+00,1.309015851699281718e+01,2.449341237965834495e+01,3.299076007005596267e+01,4.940860248985000425e+00,1.058682790074532853e+01,9.397373303216165041e+00,3.640054944640071927e-02,1.508969433090013545e+01,2.151629498775288241e+01,9.855580906268276209e+00,8.809215345307432443e+00,9.665206930014486275e+00,1.764113729326995639e+01
8.466008504602374529e+00,1.323732884686330102e+01,2.810536292240326262e+01,3.395222268129143828e+01,1.057851596397154870e+00,7.097245944730961043e+00,6.614540800388185815e+00,1.801388353465231962e-01,1.031601182628248736e+01,2.211225339037159188e+01,7.575074257061777949e+00,6.933896812038663704e+00,1.204144717216332161e+01,1.673303170378877169e+01
1.423924243069133588e+01,1.605606193934242043e+01,3.765115336878805863e+01,4.052450770829918270e+01,5.491138315504350054e+00,1.068652422446140093e+01,1.002095055371495214e+01,1.241974234837393831e-01,1.551126445522737463e+01,2.441082649153855044e+01,1.094286754009204188e+01,1.108492895782377019e+01,1.683724591493513856e+01,1.311826493862662701e+01
1.414786998102542803e+01,2.207594052356548886e+01,3.209440332830632769e+01,3.559324865757550072e+01,6.936090397334800706e+00,9.272565718289618175e+00,9.596642642091040898e+00,1.111305538544588717e-01,1.321855324912677609e+01,2.439778114911272056e+01,1.207065656872069326e+01,9.291899698124169049e+00,1.504560234752999293e+01,1.296777640923840735e+01
1.436211857631038313e+01,1.823590825815924177e+01,2.751957757669983451e+01,3.401343153814385545e+01,5.475194060487713621e+00,1.144765150587665481e+01,1.123619375055450398e+01,1.978635893740914031e-01,1.279452519634861574e+01,2.123195056983695750e+01,1.134003747789221705e+01,9.053504846190788768e+00,1.203011741422335490e+01,1.036282900563353060e+01
8.214751974344682850e+00,1.191796228388058587e+01,2.150938632318457522e+01,3.260836472440777811e+01,6.442243398071728633e-01,8.849365796485058056e+00,7.528846193142737953e+00,1.504991694329335938e-01,1.051418208896915196e+01,1.676629729546747782e+01,7.151807463851368674e+00,6.189939418120340875e+00,1.087051631708448873e+01,1.198417602507574564e+01
1.178930235425318429e+01,1.800108538394282931e+01,2.410287016104097901e+01,3.234612225599848045e+01,3.376695870225804086e+00,1.161116165592400762e+01,6.402239842430136108e+00,3.535533905932335824e-02,1.386588709747775816e+01,2.094728681715128715e+01,8.591084041027654550e+00,8.141412653833484114e+00,1.344562847173757092e+01,1.002611340450525645e+01
8.757011476525532245e+00,8.340761356135304894e+00,2.161216960418364508e+01,2.902723462543410093e+01,3.146426544510477763e-01,8.110761369933166876e+00,4.625010810798170446e+00,7.297259759664023737e-02,1.006106356206938379e+01,1.946383698041061194e+01,1.023111064352252697e+01,8.977198894978320354e+00,1.319519704286374129e+01,1.034650786497550357e+01
1.547259997544047749e+01,1.694978908423345132e+01,2.642369060142810966e+01,3.430680326116089418e+01,5.133225107084291583e-01,9.045679908110827228e+00,9.509725285201461986e+00,9.759610647971246611e-02,1.552139491154066420e+01,2.667619022649223837e+01,1.195202179549552568e+01,7.552862040312918523e+00,1.575599092408979729e+01,1.695151099459867794e+01
1.133898805008628941e+01,1.525035163529025262e+01,2.766821371176679278e+01,3.324109843251272878e+01,7.356735009499788092e+00,9.391178041119218278e+00,7.779148410976609362e+00,1.387443692551176555e-01,1.252864817129126074e+01,1.916346067389708097e+01,8.341324834820900591e+00,8.788232188557604019e+00,1.261540130158370943e+01,1.603398266183420517e+01
1.386865710874705293e+01,2.214865966599333547e+01,3.194849800851364208e+01,3.729506301107427646e+01,2.595789860524151393e+00,8.802178707570067928e+00,9.181816269126727548e+00,1.993740203737651151e-01,1.120075220688325146e+01,1.888798162853829155e+01,8.070435242290219691e+00,7.771161431858171653e+00,1.248630649952178473e+01,1.448170656379974552e+01
1.390144237120737358e+01,1.146749427730398807e+01,2.499924498859916255e+01,3.263936005806488083e+01,1.028554811373711741e+00,8.953817621551154460e+00,8.549546771613096396e+00,2.134244597041320968e-01,1.014998152707678436e+01,1.686138413654110835e+01,6.860047375929702262e+00,5.103719232089472868e+00,1.454629592026781282e+01,1.294353989448019426e+01
1.411922625358769956e+01,1.932144081066421393e+01,3.346139342585718879e+01,3.953180649805925384e+01,3.130642905219310101e+00,1.032034156411500625e+01,1.014168132017565327e+01,3.262667620215027875e-01,1.302628208661240805e+01,2.481735330368652015e+01,1.003058074091425844e+01,9.027189485105534317e+00,1.243002514076299114e+01,1.720518817101400444e+01
1.124370157021253291e+01,1.675557593757973152e+01,2.926033193591623771e+01,3.526028537887915348e+01,8.780217821899411135e+00,1.028415407313602437e+01,6.720093005308779510e+00,2.371181140275930299e-01,1.284933266749679781e+01,2.282370587788057392e+01,9.576097848288730674e+00,8.786133962101882133e+00,1.395447956750806462e+01,1.187417891898213718e+01
1.097642245907106329e+01,1.171880859985349588e+01,2.768271075960590366e+01,3.061674460160647726e+01,4.955040363105025492e+00,8.515080739488022132e+00,6.363354068413949349e+00,1.823458252881032804e-01,1.201373796950808881e+01,2.056845521666612342e+01,7.580977839302788901e+00,7.931762099306803648e+00,1.095546096702462435e+01,1.282865250133464485e+01
1.191452055267017407e+01,9.177262663779421459e+00,2.526169333199975142e+01,3.107885052571925044e+01,6.126440646900939591e+00,8.792988684173330682e+00,8.746876585387472147e+00,1.415097169808486322e-01,1.124552466539469009e+01,1.994114089012963120e+01,7.695042235101760220e+00,9.825561052682944663e+00,1.225564053813590171e+01,1.218969749419565929e+01
1.163704966905272897e+01,1.147381802191408795e+01,2.548150358593464659e+01,3.127377255784788801e+01,7.490327095661492018e-01,7.892366565232504350e+00,6.753010439796469200e+00,1.361065758881572496e-01,1.103004419755423449e+01,1.810853044838260573e+01,6.905486948796587754e+00,7.645629470488346513e+00,9.986452072683270842e+00,1.032516464759764574e+01
1.151475032295533474e+01,1.019230714804061577e+01,2.727497066909514345e+01,3.106709231646890146e+01,3.404133516770448509e+00,9.541877435808959973e+00,7.927619440916675586e+00,7.905694150421396782e-02,1.378834562230002270e+01,2.145431891251735834e+01,8.944633866179209747e+00,9.061403037057781162e+00,1.156622129305850777e+01,1.721461951365756704e+01
9.630158357991819074e+00,1.014804661006246356e+01,2.150923813155639053e+01,3.041096266151400584e+01,9.963558601222851641e-01,8.455953523997166599e+00,8.223227772596366947e+00,2.348403713163516870e-01,1.039972715988259822e+01,1.887747202355231124e+01,8.510734398393601907e+00,6.022420609688421855e+00,6.512950560229980645e+00,1.334473117001612508e+01
1.600251386501508577e+01,2.032916500990633679e+01,2.744048195640885979e+01,3.254786398521414981e+01,1.150042825289562920e+01,1.064985093792397564e+01,1.009327003502830422e+01,2.616772821625826251e-01,1.675514398625089996e+01,3.038247891466395600e+01,1.036049467930947721e+01,9.808166240434548655e+00,1.633078458005003242e+01,1.562314388975536339e+01
1.106449614758845001e+01,1.375834383201697442e+01,2.888562142312330039e+01,3.448496049004550201e+01,1.860349429542739852e+00,1.015718218798894945e+01,7.562468181751245133e+00,9.848857801796237488e-02,9.264212054999596546e+00,1.804169476518211823e+01,8.360074760431272622e+00,6.481003008794244735e+00,1.198127914706939379e+01,1.199726739720343716e+01
1.062804897429438888e+01,1.969919160777923750e+01,2.379328686835848572e+01,3.381084330507003699e+01,1.291907504429008702e+00,1.104025814915576831e+01,7.554659158426670018e+00,5.503635162326777630e-01,1.275908107976433925e+01,1.863906784149893880e+01,9.086250601870933252e+00,7.933878307612239666e+00,1.131206104120729883e+01,1.408787066948017319e+01
9.558127431667770679e+00,1.528672708593962248e+01,2.866301885705691888e+01,3.542975903107443969e+01,3.796623499900933396e+00,1.073398108811452722e+01,6.619314541551873710e+00,7.433034373659040683e-02,1.136938542754180226e+01,2.078300146754553879e+01,8.107744754245779006e+00,7.857674592396918456e+00,2.136000936329379707e-01,1.278665124260454355e+01
1.335126773006965273e+01,1.817046504633274751e+01,3.227067747971833711e+01,4.001135370116836043e+01,2.251560569915897148e+00,9.872703530441910402e+00,7.739862724880847367e+00,1.105667219374796006e-01,1.116189724016484419e+01,2.305660480209521168e+01,9.398023728422909784e+00,5.577914036626947514e+00,1.043247573685172647e+01,1.513722811481679287e+01
1.274991176440057039e+01,1.462741433063276020e+01,2.598961619570401638e+01,3.143866449135521890e+01,7.897205201841979161e+00,1.985691630137971231e+01,9.226600132226392859e+00,1.471393896956227632e-01,9.929716763332201879e+00,2.259052622229062024e+01,9.845148551444005136e+00,8.523602524754426923e+00,1.288001649843663721e+01,1.540047564200536101e+01
9.455826246288561165e+00,1.071061156050390473e+01,2.099401105077349428e+01,2.829951987225225096e+01,2.081838130114825436e+00,8.591002560819065437e+00,8.301293573895568656e+00,6.964194138592408323e-02,1.205904225052720768e+01,1.623606094469961647e+01,7.360461942025112947e+00,6.539063388590149906e+00,9.855092592157616238e+00,1.097261363577520399e+01
1.038388896319678345e+01,1.234928844103982115e+01,2.359992690666646808e+01,2.828364324127992191e+01,6.010185105302503494e+00,8.448486550856305399e+00,6.415703390899550662e+00,9.937303457175758470e-02,1.059600042468855108e+01,1.887786865618044274e+01,7.959092284927979044e+00,6.022495330010651848e+00,1.056072559060219440e+01,1.467545058933454349e+01
1.432219518788932788e+01,2.716115792818855113e+01,3.036459451400594034e+01,3.749660184603401802e+01,7.782083589887737851e+00,1.181371025546166287e+01,1.131779572178257176e+01,6.394724388118654401e-01,1.495035200254495145e+01,2.373135952700561191e+01,9.057752204603524149e+00,7.074045872059356199e+00,1.330073118290870227e+01,1.162536235994389955e+01
1.313314318813285375e+01,9.000697195217723490e+00,3.176794807663850762e+01,3.699112900412745830e+01,2.448770099458100535e+00,8.564131596373334432e+00,8.859991534984672512e+00,7.810249675907192379e-02,1.094095745353211235e+01,2.307959759181255777e+01,6.496116147360665671e+00,6.594372600937862039e+00,1.251691954915425598e+01,1.467517035676246806e+01
1.065033802280473019e+01,1.890693721891517853e+01,2.205819235567591718e+01,3.249216636360218047e+01,2.385377328642154016e+00,1.205890853269898244e+01,7.356794478575546137e+00,2.410912690248158963e-01,1.369823802538121171e+01,2.149115922885501462e+01,1.013166077205508842e+01,9.262023267083710820e+00,1.396568473079640604e+01,1.390128950853121736e+01
1.295200949659937706e+01,1.607909978823441577e+01,2.961510003359773435e+01,4.020562927004127118e+01,1.610124218810471408e-01,1.311637621448851654e+01,1.170841043865478781e+01,1.401784576887567801e-01,1.185677970614280419e+01,2.452805791333671692e+01,9.045044223219690593e+00,9.897115741467301220e+00,1.558129808456278553e+01,1.362612747628614329e+01
1.600558418177854847e+01,1.646921218516538943e+01,2.399929009366736565e+01,3.174579066585048182e+01,4.056198959617235644e+00,1.007252699177321453e+01,8.561943412567019962e+00,1.667333200053282005e-01,1.428898614318035598e+01,2.118395678337736499e+01,1.061348670324696464e+01,6.694449193174897061e+00,1.420005721819458167e+01,1.567830427692994455e+01
1.013432410178399756e+01,1.027427004706415126e+01,2.000458072542387455e+01,2.789349789825579506e+01,2.562074354892927897e+00,9.075117079134580322e+00,7.449761741156563311e+00,8.874119674649920408e-02,1.166569543576378898e+01,1.950259726292885532e+01,6.725167284164753845e+00,7.289934841958458200e+00,1.009717039570988106e+01,1.073721216145047208e+01
1.085299037132162603e+01,1.920084698652639688e+01,3.483402072686985917e+01,4.641703431930998391e+01,3.165418613706558304e+00,1.409642951246874176e+01,9.468435720856938076e+00,4.780690326720600236e-01,1.503298539878223039e+01,2.808568763623209108e+01,1.064980985745755326e+01,6.754396716213815210e+00,1.116564709275731992e+01,1.366934618041404370e+01
9.998993699367934695e+00,1.343321071077201623e+01,2.121513846289956007e+01,2.510763877786996900e+01,6.329727482285461448e+00,8.727201727930905761e+00,9.100534324972366917e+00,1.683003267970636652e-01,1.076815792046158116e+01,1.719140846469538175e+01,8.521657702583455674e+00,8.277114533459105417e+00,1.273619743094460510e+01,1.215981702164963529e+01
1.322283441626640510e+01,1.562443118964653976e+01,2.703724930535648951e+01,3.257564197372017389e+01,4.775672727480396951e+00,1.154101706956539175e+01,6.848687830526374754e+00,1.909842925478471287e-01,1.292470309136730577e+01,2.620328653050987100e+01,1.140373842211403677e+01,8.215086731130718078e+00,7.531561923001099501e+00,1.200992402140827764e+01
1.091743330641410381e+01,1.494279508659605860e+01,3.211769333249196734e+01,3.584790998091799707e+01,9.185042188253745854e-01,9.853474006663857310e+00,9.694370789277654055e+00,1.016120071645084666e-01,1.165470398594490398e+01,2.439756391527646073e+01,9.670012926568404055e+00,7.218412221534591389e+00,1.546247392883815941e+01,1.219531262411916295e+01
6.746688076382390875e+00,1.014512198053822623e+01,1.893779422213684427e+01,3.142396895683295810e+01,1.413939531946112105e+00,7.569322955192233415e+00,7.063671141835520473e+00,1.250999600319613325e-01,1.243398266847754030e+01,1.514475651834653647e+01,7.661998760114748563e+00,6.350435024468808365e+00,9.477458783872394932e+00,1.419572206687633553e+01
9.565878161465354523e+00,1.049349679563491122e+01,2.565396752940954528e+01,3.114749026807778165e+01,2.779577305994555214e+00,8.815130458478769526e+00,6.446223700741386509e+00,2.121909517392335243e-01,1.126533177496340521e+01,2.248525127722614414e+01,8.825788916578501286e+00,4.730036997741143168e+00,1.089254561615419625e+01,1.220657712055268362e+01
1.233880464226579221e+01,1.278249877762558739e+01,2.856720191058270331e+01,3.416987489002556799e+01,3.995253433763624962e+00,1.132717749485722081e+01,7.380530130010987122e+00,1.834393632784397932e-01,1.281718962955608276e+01,1.990208657402534698e+01,9.305193442373994372e+00,1.073302729894971819e+01,1.555036333980656593e+01,1.610110322307138375e+01
9.617486677921606386e+00,8.077060108727682319e+00,2.221511760040894856e+01,3.331816659121566460e+01,1.880086434183289468e+00,8.389131361470015591e+00,7.771179125460954573e+00,3.048360214935211809e-01,1.152746828232461773e+01,1.989640419774388391e+01,8.980139197139425988e+00,8.872863123028546184e+00,1.033079377395560883e+01,1.440469888612739879e+01
1.123987989259669718e+01,1.565891838538024494e+01,2.859446581071238569e+01,3.627124067356947990e+01,4.031314921957847908e+00,1.099272600404468569e+01,7.075411648801783748e+00,9.861541461657939711e-02,1.071382401386170535e+01,2.348612462710695326e+01,7.370912426558862585e+00,7.940299112753869792e+00,1.529123686952759087e+01,9.281398062792041159e+00
8.832379351001630852e+00,1.008861858729923711e+01,2.572768984965421524e+01,3.256618798692901606e+01,7.513487871820864195e-01,1.003267287416469244e+01,6.489462612574321554e+00,1.345362404707436121e-01,7.965998054230227332e+00,1.630170926620886362e+01,8.015954403562934871e+00,7.838311361511475894e+00,1.118559229544864309e+01,1.184808634337208311e+01
1.428721893861783165e+01,1.852621723396331888e+01,3.264345301894392293e+01,3.996126186696309190e+01,2.695983123092573930e+00,1.023793192007055453e+01,7.326513495517481545e+00,2.056088519495241351e-01,1.500033499625924627e+01,2.628503899559595425e+01,1.021051908572722944e+01,6.815586915299374660e+00,1.513557564151426860e+01,1.781461759342591122e+01
1.082406346988042500e+01,1.436759287424307807e+01,2.974105663892929385e+01,3.589434704796843079e+01,1.242980289465628191e-01,8.528238387850091584e+00,7.629326641322934144e+00,1.283549765299313861e-01,1.164545619544377786e+01,2.360518640045022565e+01,8.301067702410339422e+00,5.894247195359228364e+00,1.479769069821368888e+01,1.530751939407557671e+01
1.163259321905480093e+01,1.756966562003956511e+01,2.959671518935842727e+01,3.377907821418457246e+01,7.310837845281485059e+00,1.231944296630330804e+01,6.633234505126432090e+00,2.126617031813650693e-01,1.294822285103249371e+01,2.384155877873760332e+01,1.121054971890317375e+01,8.126410646773900126e+00,1.361065758881615517e-01,1.518106139240600427e+01
1.274962058258989117e+01,1.740440605134228136e+01,3.049907580566991783e+01,3.904863153812180343e+01,2.970690155502543339e-01,9.998306106536237081e+00,7.894372996001676412e+00,1.381122731693345818e-01,7.870090533151456569e+00,2.045417377945146953e+01,8.402501115739280380e+00,6.562419523316075143e+00,1.040041585707033001e+01,1.234024817416572439e+01
1.434957316438365993e+01,2.255957335589483037e+01,3.714380735735096550e+01,4.311868214590978710e+01,6.118982758596408722e+00,8.848543665485303578e+00,6.252419531669304753e+00,2.546075411294852486e-01,1.089628147580632778e+01,2.287267529170997094e+01,9.330791767047427854e+00,6.718275448357263535e+00,8.110077064985263817e+00,1.197880941496276108e+01
1.047744959424763245e+01,1.436428035092604993e+01,2.673629415233160245e+01,3.243501310312669972e+01,3.052396599395298615e+00,9.718882394596620955e+00,8.392539842026369712e+00,1.145643923738913494e-01,1.087149713700924814e+01,1.935852654516866167e+01,7.550074502943660448e+00,9.054460226871620776e+00,1.179529355293881743e+01,9.095138811475065310e+00
1.024368708034368858e+01,1.027798131930584447e+01,1.934675037312467083e+01,2.916982044853892475e+01,3.911920883658053683e+00,7.200107638084296546e+00,6.533706834561822774e+00,1.205197079319419023e-01,9.423286316354818837e+00,1.817177000184626934e+01,7.876729968711642549e+00,7.176052187658603643e+00,2.079062288629181798e-01,1.432212623879568802e+01
1.433394136307247102e+01,1.769667059082015825e+01,3.770291434358888694e+01,4.302298600748208912e+01,3.141257709899079043e-01,9.126342367016462731e+00,1.008486613694004852e+01,1.398213145410962532e-01,1.261990887447290177e+01,3.432058347406115928e+01,9.060573933256099721e+00,8.013022213871618504e+00,1.361164299414292245e+01,1.221419665798779164e+01
1.311999428353534469e+01,1.806127694821159935e+01,3.265131926890550318e+01,4.165259925862968515e+01,2.664179048037121245e+00,1.002094306939221724e+01,9.875931601626247058e+00,1.803468879687187276e-01,1.355238078715321848e+01,2.378837583779102971e+01,1.018554613165145462e+01,8.667346768186897421e+00,6.036675409527999747e+00,1.262656029962239046e+01
1.299368885266997253e+01,2.074964156316923436e+01,3.080755994881773674e+01,4.158096980591001568e+01,1.612001861041099104e+00,1.036256483695036223e+01,8.322616775990605120e+00,1.398213145410957536e-01,7.435114323263630531e+00,3.017125328851951593e+01,9.261383535951848600e+00,6.253453046117795289e+00,1.440125862555075287e+01,1.112648417066236917e+01
9.656962514165634559e+00,1.244144786590370622e+01,2.332257811649475698e+01,3.064027129449084086e+01,1.085610427363341568e+00,8.471748638858464631e+00,7.096099280590700609e+00,2.789713246912717270e-01,1.019124256408411711e+01,1.913643187744256480e+01,7.401638332153217981e+00,5.598707440115087586e+00,1.270843322365113437e+01,1.571574528935868820e+01
1.450359955321436978e+01,1.362997523842210512e+01,2.725150867383310072e+01,3.219860090128141650e+01,2.266831489105447961e+00,9.184582189735136737e+00,9.160034115656991105e+00,2.345740821147997424e-01,1.394016588853948413e+01,2.177378067768663783e+01,9.540159851910237521e+00,5.894026637198027885e+00,1.391733990387530895e+01,1.217038310818520763e+01
1.172693587430237905e+01,1.829201806799893859e+01,2.725389788635746058e+01,3.522808325753758396e+01,2.385639327308305635e+00,8.920737077170263873e+00,7.316606112126031292e+00,1.017349497468772873e-01,1.406218066304085745e+01,2.422284149310315726e+01,6.355019669521098535e+00,5.701872499451383192e+00,1.230020020162273298e+01,1.421581513667083563e+01
7.543682787604470974e+00,1.118987935591798610e+01,2.543851705583484346e+01,3.054506547709466702e+01,1.149467267911527424e+00,9.847541571377099956e+00,5.752095270421029305e+00,3.082207001484220735e-02,9.650312171116560478e+00,1.905113316839709370e+01,7.690006501947841855e+00,8.281492920965391136e+00,1.129011071690618984e+01,1.461248952095434106e+01
9.921141567380230342e+00,1.946559207935891322e+01,3.133656051643190921e+01,3.590819509527037923e+01,1.847674213707598989e+00,7.561139133754894104e+00,6.772067631085783468e+00,4.153311931458852913e-02,1.409377610862325625e+01,2.202203328487177458e+01,8.915611308261480517e+00,8.481923425733105759e+00,1.118623484466511186e+01,1.500113162398092825e+01
1.014302223205688414e+01,1.502273027781569148e+01,2.813878328926110584e+01,3.448085737043092536e+01,1.580703957102655766e+00,1.025703051569996127e+01,9.663235741717157268e+00,1.316244658108827736e-01,1.253336646715478331e+01,2.249634248050113428e+01,7.636388216951785601e+00,7.972051178962655804e+00,1.076569784082759718e+01,1.132579025940354001e+01
1.439973176833512802e+01,1.906881288911291961e+01,3.097502098465794518e+01,3.780340229397347684e+01,6.135552134893820231e-01,1.139570642830010172e+01,8.469033297844555719e+00,8.046738469714954933e-02,1.164934869424037522e+01,2.466037813984205940e+01,8.936931800120220259e+00,8.757232725010801744e+00,1.234550626746428925e+01,1.686741607360180950e+01
1.277644805883073253e+01,1.085230620651665845e+01,2.408076618382396106e+01,2.964757367812751809e+01,3.501603204248019630e+00,8.636696417033565609e+00,7.953912559237759972e+00,2.026079958935407266e-01,1.052329558645959295e+01,1.775030915223732109e+01,7.165467535339194782e+00,7.300977674257061345e+00,1.172096519063170206e+01,1.390539553554660124e+01
1.148060538473472647e+01,1.019065871276240465e+01,3.003866092221821305e+01,3.372402518976642227e+01,5.561025085359637687e-01,1.010368002264522502e+01,8.343711704031955279e+00,1.006230589874848175e-01,9.765128007353514050e+00,2.225662373317210907e+01,9.559148759173067944e+00,7.720696212130090608e+00,1.037092691132282951e+01,1.403668051926806903e+01
1.120233234643574605e+01,1.292927395486692888e+01,3.347453733810223753e+01,3.638450253885574170e+01,4.146845186403751882e+00,1.134090163964047271e+01,9.743219437126528604e+00,1.944222209522384059e-01,1.008627780700095578e+01,2.645592986458801121e+01,7.976023445301550829e+00,7.593408325646655577e+00,1.380000815217150567e+01,9.554822081022736668e+00
1.146258914905353166e+01,3.165065125712263239e+01,2.861835949176682803e+01,3.520583580885420361e+01,2.582895661849315516e+00,1.173390280341541114e+01,8.155173204782368401e+00,1.543534904043290246e-01,1.171217101992623455e+01,2.205164222909487037e+01,1.099475102037331453e+01,6.422898489000113287e+00,1.276047119035970567e+01,1.529033927027128037e+01
1.223885002767823416e+01,1.592064147576975230e+01,2.954326234524550188e+01,3.544213594014897950e+01,3.802433431369980799e+00,9.532110207084276254e+00,7.286017430668153771e+00,3.933509883043466715e-01,9.997841016939609915e+00,2.003867011555407274e+01,7.065659912563019951e+00,9.640510878578995246e+00,1.132005521187948993e+01,1.044191313888406114e+01
1.025111457354758748e+01,1.157237875287530215e+01,3.120169706923006459e+01,3.754818870464991676e+01,4.010869606456929581e+00,9.993038827103580601e+00,8.965312320270841795e+00,1.004987562112016342e-01,1.084755271939250676e+01,2.194166413470044574e+01,7.676193718243434105e+00,8.935044767655053732e+00,1.612092196494976903e+01,1.411186557475659420e+01
9.616114080022130750e+00,1.076958100392025663e+01,2.816117806484665920e+01,3.111793614621638682e+01,2.418816859541036202e+00,8.035486917418252162e+00,6.963269706107901413e+00,7.365459931328123544e-02,1.028318165744435042e+01,1.979097900559747458e+01,8.766011065473280794e+00,7.353687850323808561e+00,1.501010826076880633e+01,1.560649704450038833e+01
1.192689502762559428e+01,9.608353136724312904e+00,2.555260896660064773e+01,2.989985367857175191e+01,4.271135680354811726e+00,7.745045190313610384e+00,5.920160470798058405e+00,4.636809247747388646e-02,1.119461142693217148e+01,2.143883100824296761e+01,8.798599320346387032e+00,7.085112913708567106e+00,1.185076474325602547e+01,1.385127160227537502e+01
8.928674313692928521e+00,1.402645090534307570e+01,2.821629670952587787e+01,3.923042537368158378e+01,3.098790086469330185e-01,1.194670979809922073e+01,6.811514148851196992e+00,1.802775637731537234e-02,1.410366619003726996e+01,2.112710167060309274e+01,9.326239863953743381e+00,8.360934457343875081e+00,1.117671351516178113e+01,1.703001834996075914e+01
1.201928866447596356e+01,2.140016238256150416e+01,2.919974871467220368e+01,3.273524553138407356e+01,9.000023611080139929e+00,9.820043278927046870e+00,7.451733019908863831e+00,1.030776406404411705e-01,1.174063137143824243e+01,2.170536454427798745e+01,9.780415379726978387e+00,8.811289633192178172e+00,9.295796092858321202e+00,1.427184028077666866e+01
1.111949414317039242e+01,1.270807715588789044e+01,2.716437970946511626e+01,3.332764505631924834e+01,6.592785829981134604e+00,8.328481254106311127e+00,6.605546911497942375e+00,1.250999600319741001e-01,1.247012830727894617e+01,2.045229877055388457e+01,1.015151835933915692e+01,8.330019507780267674e+00,1.418602657547207535e+01,1.203482446901489844e+01
1.158869384357012322e+01,1.374530919986888122e+01,2.144526346305867648e+01,2.999658313875097448e+01,5.083308469884547875e+00,9.995966686619162545e+00,8.019434206974958457e+00,1.408900280360448343e-01,1.126389808192530140e+01,2.075060481046275740e+01,8.718306888381485820e+00,7.002222861349093996e+00,1.151782748611907259e+01,1.346676928591264044e+01
1.099932952502104477e+01,1.192240747500269471e+01,2.753767964081217201e+01,3.650820113344396134e+01,1.173807905919870720e+00,9.325580410891330274e+00,7.107344792536812506e+00,8.381527307120704984e-02,1.036491919891321345e+01,2.243291666279710128e+01,8.085341674907747134e+00,7.764853507954933676e+00,1.098653152728375737e+01,1.370443906185146687e+01
1.550258688090475800e+01,1.567107925447383643e+01,3.299991439382836234e+01,4.020628371287253344e+01,1.355912976558605987e+00,1.076061452706118260e+01,8.187788162867928321e+00,9.669539802907689552e-02,1.243948853450171299e+01,2.556466897888569534e+01,7.655222073852601561e+00,9.400714068622665565e+00,1.357932527778902454e+01,1.569476425436203115e+01
1.299621002446482976e+01,1.413326395423223225e+01,3.208524505126928972e+01,3.896180726044416076e+01,1.400651634061808926e+00,1.077909434971231128e+01,6.964323369861572743e+00,1.836436767220743504e-01,1.328729562401618125e+01,2.194960364106832529e+01,9.613935198450215935e+00,7.186824750889647895e+00,1.296633429308376328e+01,1.264066948385249312e+01
8.645558108069138825e+00,7.532253978723759680e+00,2.232220923206303098e+01,2.425303331544324692e+01,7.708005578617609821e+00,8.298975840427527118e+00,7.056070081851516740e+00,9.233092656309069279e-02,1.114650281478456861e+01,2.018124067048406189e+01,5.842974413772486386e+00,6.138226535409077478e+00,3.761316258971071913e-01,1.042734026489977239e+01
